ds,yhat,yhat_lower,yhat_upper,trend,yearly,y,Data_Type
2021-01-04,3822.7460369598734,3659.539987504152,3984.7089594190347,3767.125437618423,55.62059934145045,3700.64990234375,Actual
2021-01-05,3824.133779529498,3658.9472566360587,3983.8117743244834,3771.1802267236517,52.953552805846535,3726.860107421875,Actual
2021-01-06,3825.416321186303,3654.3531597445453,3985.3073089921054,3775.23501582888,50.18130535742294,3748.139892578125,Actual
2021-01-07,3826.6013745541595,3665.606534601291,3994.414261780261,3779.2898049341093,47.31156962005047,3803.7900390625,Actual
2021-01-08,3827.7030988158203,3661.468481921991,4000.408916659091,3783.3445940393376,44.35850477648263,3824.679931640625,Actual
2021-01-11,3830.7432864595257,3681.029806610252,3998.671536456456,3795.508961355025,35.23432510450092,3799.610107421875,Actual
2021-01-12,3831.7746759470097,3679.5502041572036,3988.262823625989,3799.5637504602532,32.21092548675653,3801.18994140625,Actual
2021-01-13,3832.879674691725,3658.0503687035834,3990.733293122098,3803.6185395654816,29.261135126243634,3809.840087890625,Actual
2021-01-14,3834.1018660815175,3666.588393811913,3997.545605015098,3807.6733286707104,26.428537410807042,3795.5400390625,Actual
2021-01-15,3835.4863777679057,3666.9983375169963,4001.6709968835276,3811.7281177759396,23.75825999196595,3768.25,Actual
2021-01-19,3843.526819982852,3681.5123764720443,4009.4383153049735,3827.947274196855,15.579545785997219,3798.909912109375,Actual
2021-01-20,3846.3562903487314,3686.9133703878156,4002.1602489820625,3832.0020633020836,14.354227046647797,3851.85009765625,Actual
2021-01-21,3849.572672110146,3688.328229243476,4008.9725753176094,3836.056852407312,13.51581970283426,3853.070068359375,Actual
2021-01-22,3853.1927487159846,3680.454230250865,4004.4374547556667,3840.111641512541,13.081107203443688,3841.469970703125,Actual
2021-01-25,3866.5023864160753,3699.845350800558,4028.297607938578,3852.276008828228,14.226377587847354,3855.360107421875,Actual
2021-01-26,3871.713039490033,3722.5394858873387,4042.8706001678597,3856.3307979334563,15.382241556576767,3849.6201171875,Actual
2021-01-27,3877.262723529479,3712.4331128651356,4059.58189630218,3860.385587038685,16.877136490793923,3750.77001953125,Actual
2021-01-28,3883.1066075305403,3722.8033199425167,4040.5883043008666,3864.4403761439135,18.666231386626702,3787.3798828125,Actual
2021-01-29,3889.189765486389,3710.624506524798,4051.156891665499,3868.4951652491427,20.694600237246664,3714.239990234375,Actual
2021-02-01,3908.192590244582,3747.6015088460217,4082.1003475110915,3880.6595325648295,27.53305767975249,3773.860107421875,Actual
2021-02-02,3914.514690440357,3760.7138180786155,4075.5398469897195,3884.714321670058,29.800368770299023,3826.31005859375,Actual
2021-02-03,3920.6863917797577,3754.347165537698,4086.2602083686497,3888.7691107752867,31.91728100447103,3830.169921875,Actual
2021-02-04,3926.6171602568347,3764.422875879921,4097.310887575629,3892.823899880515,33.79326037631966,3871.739990234375,Actual
2021-02-05,3932.2164982283975,3763.0733334685783,4102.928348527853,3896.8786889857442,35.3378092426531,3886.830078125,Actual
2021-02-08,3946.163368109232,3789.308984821341,4103.053218715518,3909.043056301431,37.12031180780096,3915.590087890625,Actual
2021-02-09,3949.6022965004586,3796.1845106331325,4109.967428308179,3913.0978454066594,36.50445109379925,3911.22998046875,Actual
2021-02-10,3952.3267857605715,3783.713100994763,4122.176043902973,3917.152634511888,35.17415124868333,3909.8798828125,Actual
2021-02-11,3954.286884026582,3793.166017335167,4123.65397360348,3921.2074236171165,33.07946040946523,3916.3798828125,Actual
2021-02-12,3955.445038929356,3791.284091090894,4120.229207821894,3925.2622127223462,30.182826207009935,3934.830078125,Actual
2021-02-16,3951.791404303536,3777.6155231872644,4111.501835695921,3941.481369143261,10.310035160275419,3932.590087890625,Actual
2021-02-17,3948.866941490904,3783.3868921909775,4111.375371404627,3945.5361582484898,3.330783242414343,3931.330078125,Actual
2021-02-18,3945.212899915989,3788.261398714419,4111.992197821907,3949.590947353718,-4.378047437728909,3913.969970703125,Actual
2021-02-19,3940.8905348174667,3767.3974173797797,4108.38455545821,3953.645736458948,-12.755201641481163,3906.7099609375,Actual
2021-02-22,3924.697705810609,3761.500543942351,4098.054362837187,3965.810103774634,-41.11239796402537,3876.5,Actual
2021-02-23,3918.532493490054,3756.099754674064,4093.1641358631937,3969.8648928798625,-51.33239938980834,3881.3701171875,Actual
2021-02-24,3912.1539897249377,3751.9547238613914,4077.3006680044905,3973.9196819850913,-61.76569226015367,3925.429931640625,Actual
2021-02-25,3905.6702485360147,3744.493142581599,4059.8780435078015,3977.9744710903196,-72.304222554305,3829.340087890625,Actual
2021-02-26,3899.190157477326,3742.1500891359265,4070.5730674169113,3982.0292601955493,-82.83910271822347,3811.14990234375,Actual
2021-03-01,3880.8280873843482,3725.8673312334977,4054.9399047149523,3994.1936275112357,-113.36554012688765,3901.820068359375,Actual
2021-03-02,3875.3937354324553,3705.9151299557416,4033.9970917151654,3998.248416616464,-122.85468118400881,3870.2900390625,Actual
2021-03-03,3870.446932522386,3706.792849150081,4034.5161378963,4002.303205721693,-131.85627319930703,3819.719970703125,Actual
2021-03-04,3866.0594920230246,3692.9279428322225,4024.730134481265,4006.357994826921,-140.2985028038964,3768.469970703125,Actual
2021-03-05,3862.291559123117,3694.6962530499136,4015.4272465176186,4010.412783932151,-148.1212248090337,3841.93994140625,Actual
2021-03-08,3855.1142571360074,3689.031280347976,4018.396535993413,4022.5771512478373,-167.46289411182988,3821.35009765625,Actual
2021-03-09,3854.081951298004,3695.9077997230406,4016.3421998880444,4026.546874957733,-172.4649236597293,3875.43994140625,Actual
2021-03-10,3853.773759430141,3685.6330582270707,4025.5663302637117,4030.5165986676298,-176.74283923748865,3898.81005859375,Actual
2021-03-11,3854.171485948183,3687.449445354949,4017.9141815540256,4034.486322377526,-180.3148364293427,3939.340087890625,Actual
2021-03-12,3855.2453243196715,3688.4345121598535,4002.5205246145333,4038.456046087422,-183.21072176775027,3943.340087890625,Actual
2021-03-15,3862.0767132349006,3700.664298293257,4023.0748128976984,4050.365217217111,-188.2885039822104,3968.93994140625,Actual
2021-03-16,3865.368870290026,3697.193073477539,4037.467735430238,4054.3349409270077,-188.9660706369818,3962.7099609375,Actual
2021-03-17,3869.060503582424,3706.5492947162725,4038.3629400889354,4058.3046646369035,-189.2441610544791,3974.1201171875,Actual
2021-03-18,3873.0821252984433,3722.8403428640527,4033.874223545557,4062.2743883467997,-189.1922630483565,3915.4599609375,Actual
2021-03-19,3877.3636267828037,3717.379156094014,4028.8972041956085,4066.2441120566964,-188.88048527389253,3913.10009765625,Actual
2021-03-22,3891.0925682618836,3725.368994197292,4039.997897691835,4078.1532831863856,-187.06071492450195,3940.590087890625,Actual
2021-03-23,3895.758261491731,3742.9735371482716,4058.3543565644713,4082.1230068962814,-186.36474540455035,3910.52001953125,Actual
2021-03-24,3900.3803098515164,3745.1639879494414,4062.675939308227,4086.0927306061776,-185.7124207546613,3889.139892578125,Actual
2021-03-25,3904.916556251979,3751.8858475244047,4069.527818386436,4090.0624543160743,-185.14589806409538,3909.52001953125,Actual
2021-03-26,3909.333123443952,3743.3236861176406,4070.7393310868943,4094.03217802597,-184.6990545820183,3974.5400390625,Actual
2021-03-29,3921.657318044873,3753.6827991944497,4081.960318628356,4105.941349155659,-184.28403111078546,3971.090087890625,Actual
2021-03-30,3925.431583239412,3767.1165309043895,4082.857581799861,4109.911072865556,-184.4794896261442,3958.550048828125,Actual
2021-03-31,3929.0471535643946,3764.0443131103884,4099.150447869464,4113.880796575451,-184.8336430110566,3972.889892578125,Actual
2021-04-01,3932.520221740979,3781.646297660234,4095.4669533324823,4117.8505202853485,-185.33029854436924,4019.8701171875,Actual
2021-04-05,3945.5109500188237,3784.549326285694,4105.28839681489,4133.729415124933,-188.21846510610982,4077.909912109375,Actual
2021-04-06,3948.698369838442,3775.9078555485444,4109.94797559947,4137.69913883483,-189.00076899638793,4073.93994140625,Actual
2021-04-07,3951.9347128898785,3777.7279312051573,4112.81310685573,4141.668862544726,-189.7341496548476,4079.949951171875,Actual
2021-04-08,3955.256610035426,3787.83405233695,4127.6244705934,4145.638586254622,-190.381976219196,4097.169921875,Actual
2021-04-09,3958.6989467463995,3796.4729854216475,4128.9159992827645,4149.608309964518,-190.90936321811898,4128.7998046875,Actual
2021-04-12,3970.051385683257,3807.234627387671,4143.8021477148,4161.517481094207,-191.46609541095015,4127.990234375,Actual
2021-04-13,3974.257632752623,3812.880956096165,4145.916097597012,4165.487204804104,-191.22957205148114,4141.58984375,Actual
2021-04-14,3978.7028854303403,3817.229234934605,4137.438376465546,4169.456928514,-190.75404308365916,4124.66015625,Actual
2021-04-15,3983.3959782440875,3807.1662446015594,4147.361779423279,4173.426652223896,-190.03067397980848,4170.419921875,Actual
2021-04-16,3988.340374876548,3826.820591619266,4156.9075253646715,4177.396375933793,-189.05600105724486,4185.47021484375,Actual
2021-04-19,4004.6402819373175,3846.2565599070103,4179.316221729441,4189.305547063482,-184.66526512616446,4163.259765625,Actual
2021-04-20,4010.5265410663874,3856.6070624985255,4165.985404426269,4193.275270773378,-182.74872970699042,4134.93994140625,Actual
2021-04-21,4016.612253649677,3853.121268097043,4173.7694655678815,4197.244994483274,-180.63274083359758,4173.419921875,Actual
2021-04-22,4022.8772721888363,3864.5758678441334,4173.792486003444,4201.21471819317,-178.33744600433315,4134.97998046875,Actual
2021-04-23,4029.299928366662,3861.3955472667544,4197.957706534586,4205.184441903067,-175.88451353640508,4180.169921875,Actual
2021-04-26,4049.291046383275,3883.9132779557467,4219.967704713628,4217.0936130327555,-167.8025666494805,4187.6201171875,Actual
2021-04-27,4056.124845982909,3889.818864218372,4225.562130036481,4221.063336742652,-164.9384907597427,4186.72021484375,Actual
2021-04-28,4063.012156333998,3905.8204649513623,4219.512725749701,4225.033060452548,-162.02090411855005,4183.18017578125,Actual
2021-04-29,4069.937529614918,3906.526680192471,4245.972891177502,4229.002784162444,-159.06525454752628,4211.47021484375,Actual
2021-04-30,4076.8883469968773,3916.70667052733,4237.71138250111,4232.972507872341,-156.08416087546397,4181.169921875,Actual
2021-05-03,4097.812589181268,3925.77414151908,4265.333640122177,4244.88167900203,-147.06908982076226,4192.66015625,Actual
2021-05-04,4104.799043600632,3932.9363134043065,4273.816153300251,4248.851402711925,-144.05235911129324,4164.66015625,Actual
2021-05-05,4111.791786772531,3948.5921742886403,4285.730876233353,4252.821126421823,-141.029339649292,4167.58984375,Actual
2021-05-06,4118.7941727919115,3945.667930339126,4279.133060311369,4256.790850131718,-137.9966773398065,4201.6201171875,Actual
2021-05-07,4125.81087206119,3954.542141472298,4281.2617392588445,4260.760573841615,-134.94970178042547,4232.60009765625,Actual
2021-05-10,4146.99977238409,3980.3742000056104,4303.065757178477,4272.669744971304,-125.66997258721429,4188.43017578125,Actual
2021-05-11,4151.298601587889,3994.2042337481535,4312.675532221553,4273.814106130704,-122.51550454281562,4152.10009765625,Actual
2021-05-12,4155.631843499462,3999.441352187437,4317.954429544752,4274.9584672901065,-119.32662379064493,4063.0400390625,Actual
2021-05-13,4159.998293069886,4002.5117623205138,4328.7814965537345,4276.102828449507,-116.10453537962069,4112.5,Actual
2021-05-14,4164.393714881954,3994.6396370681045,4328.145367399843,4277.247189608907,-112.85347472695327,4173.85009765625,Actual
2021-05-17,4177.659349701806,4003.444121567706,4337.551054322137,4280.680273087111,-103.02092338530566,4163.2900390625,Actual
2021-05-18,4182.057910110219,4009.755567307281,4344.108828772302,4281.824634246513,-99.7667241362937,4127.830078125,Actual
2021-05-19,4186.4110353607275,4023.971513848478,4359.234782266418,4282.968995405913,-96.55796004518581,4115.68017578125,Actual
2021-05-20,4190.693719954462,4024.7841206654857,4355.137021447175,4284.1133565653145,-93.41963661085238,4159.1201171875,Actual
2021-05-21,4194.878481656219,4030.4279279324824,4353.81774773321,4285.257717724716,-90.37923606849681,4155.85986328125,Actual
2021-05-24,4206.548295122457,4046.3986762890772,4370.350781075673,4288.690801202919,-82.14250608046217,4197.0498046875,Actual
2021-05-25,4210.0430842427295,4046.879023777718,4374.640424461231,4289.83516236232,-79.79207811959034,4188.1298828125,Actual
2021-05-26,4213.292833300378,4062.157435723326,4375.243687695106,4290.979523521721,-77.6866902213422,4195.990234375,Actual
2021-05-27,4216.272814796632,4056.4552286486246,4396.47194450618,4292.123884681122,-75.85106988448983,4200.8798828125,Actual
2021-05-28,4218.962224408345,4049.648770295231,4385.12734587232,4293.268245840523,-74.30602143217898,4204.10986328125,Actual
2021-06-01,4226.586474172787,4063.6945078059334,4390.903369509312,4297.845690478127,-71.25921630533995,4202.0400390625,Actual
2021-06-02,4227.709848196024,4069.764626349756,4392.354766366993,4298.990051637529,-71.28020344150559,4208.1201171875,Actual
2021-06-03,4228.546379026094,4061.7360544714425,4396.384348442809,4300.13441279693,-71.5880337708358,4192.85009765625,Actual
2021-06-04,4229.122877278721,4058.786479707465,4397.850605456667,4301.27877395633,-72.15589667760905,4229.89013671875,Actual
2021-06-07,4229.673982575495,4069.916153566078,4395.949147689815,4304.711857434534,-75.03787485903894,4226.52001953125,Actual
2021-06-08,4229.626450028518,4068.6168661529905,4398.507600969101,4305.856218593935,-76.2297685654173,4227.259765625,Actual
2021-06-09,4229.5584642614685,4070.667785834712,4395.470005566579,4307.000579753336,-77.44211549186761,4219.5498046875,Actual
2021-06-10,4229.533571659174,4064.64976255263,4399.758298044207,4308.144940912737,-78.6113692535629,4239.18017578125,Actual
2021-06-11,4229.617866461795,4052.337450664886,4393.998732323876,4309.2893020721385,-79.67143561034418,4247.43994140625,Actual
2021-06-14,4231.194825875306,4057.949639591548,4389.496692281719,4312.722385550342,-81.52755967503491,4255.14990234375,Actual
2021-06-15,4232.376881163296,4070.9234761240536,4402.298589396818,4313.866746709743,-81.4898655464463,4246.58984375,Actual
2021-06-16,4233.985347811825,4057.2415520338063,4404.328966431511,4315.011107869143,-81.02576005731889,4223.7001953125,Actual
2021-06-17,4236.070481456114,4062.284336922369,4399.747878720932,4316.155469028545,-80.0849875724308,4221.85986328125,Actual
2021-06-18,4238.674877412138,4077.1269851217316,4410.794678496105,4317.299830187946,-78.62495277580798,4166.4501953125,Actual
2021-06-21,4249.891792036823,4086.7076546952903,4415.591824091863,4320.732913666149,-70.84112162932638,4224.7900390625,Actual
2021-06-22,4254.809698595466,4083.564232658257,4427.662779356284,4321.87727482555,-67.06757623008373,4246.43994140625,Actual
2021-06-23,4260.311609236723,4097.144050349204,4430.42072387634,4323.021635984952,-62.71002674822884,4241.83984375,Actual
2021-06-24,4266.377291136222,4102.313440131115,4430.67580153797,4324.165997144352,-57.788706008130006,4266.490234375,Actual
2021-06-25,4272.975456269024,4111.967799863628,4437.684438653811,4325.310358303753,-52.33490203472891,4280.7001953125,Actual
2021-06-28,4295.499033276071,4126.917421610538,4450.75383400914,4328.743441781957,-33.244408505885666,4290.60986328125,Actual
2021-06-29,4303.716901079666,4145.626464523737,4460.813998076649,4329.887802941358,-26.170901861692343,4291.7998046875,Actual
2021-06-30,4312.172012310241,4145.804309629504,4479.437163150223,4331.032164100759,-18.860151790517637,4297.5,Actual
2021-07-01,4320.786030408615,4157.117148494132,4484.6675677709645,4332.17652526016,-11.390494851544911,4319.93994140625,Actual
2021-07-02,4329.4777944398775,4168.0328859099545,4499.503690654577,4333.320886419561,-3.843091979683836,4352.33984375,Actual
2021-07-06,4363.398582277711,4209.497592108419,4532.269938182805,4337.898331057166,25.500251220545774,4343.5400390625,Actual
2021-07-07,4371.285514473542,4204.531154240817,4535.4107932244,4339.042692216566,32.24282225697618,4358.1298828125,Actual
2021-07-08,4378.801292540724,4211.920400339937,4533.8285501949895,4340.1870533759675,38.61423916475653,4320.81982421875,Actual
2021-07-09,4385.892429501613,4214.71112321243,4542.719519434205,4341.331414535369,44.56101496624468,4369.5498046875,Actual
2021-07-12,4404.230950628169,4252.228344996022,4568.841723305355,4344.764498013571,59.46645261459818,4384.6298828125,Actual
2021-07-13,4409.290351924967,4240.958937599879,4572.5344786377045,4345.908859173603,63.38149275136395,4369.2099609375,Actual
2021-07-14,4413.813463303412,4253.640271839182,4579.011757844724,4347.053220333632,66.76024296978026,4374.2998046875,Actual
2021-07-15,4417.81122147699,4255.510163595315,4585.621221221776,4348.197581493663,69.61363998332627,4360.02978515625,Actual
2021-07-16,4421.305101912768,4251.762583424724,4592.307790079082,4349.341942653693,71.96315925907476,4327.16015625,Actual
2021-07-19,4429.118979724236,4264.731994205346,4578.40755402792,4352.775026133784,76.3439535904519,4258.490234375,Actual
2021-07-20,4430.99202647062,4273.314253456982,4599.975885905236,4353.919387293815,77.07263917680476,4323.06005859375,Actual
2021-07-21,4432.593041192801,4274.429350802188,4599.506486389214,4355.063748453845,77.52929273895602,4358.68994140625,Actual
2021-07-22,4433.984082220128,4271.408037362295,4604.463772009607,4356.208109613875,77.7759726062521,4367.47998046875,Actual
2021-07-23,4435.228841805609,4272.910811649913,4595.977795778214,4357.352470773905,77.87637103170327,4411.7900390625,Actual
2021-07-26,4438.713069215496,4280.198940404052,4596.180067981772,4360.785554253996,77.92751496149945,4422.2998046875,Actual
2021-07-27,4439.986514347583,4284.168330578951,4607.2433981680815,4361.929915414027,78.05659893355576,4401.4599609375,Actual
2021-07-28,4441.401888955244,4271.348256455322,4592.940114959884,4363.074276574058,78.32761238118621,4400.64013671875,Actual
2021-07-29,4443.001170132555,4279.164955746175,4607.418544118124,4364.218637734088,78.78253239846698,4419.14990234375,Actual
2021-07-30,4444.818636401762,4281.834271317709,4613.500680348213,4365.362998894118,79.45563750764319,4395.259765625,Actual
2021-08-02,4451.795311151643,4306.120817728106,4617.3854101316365,4368.796082374209,82.99922877743383,4387.16015625,Actual
2021-08-03,4454.656291927088,4290.005843530592,4612.938432015539,4369.94044353424,84.7158483928481,4423.14990234375,Actual
2021-08-04,4457.776632107901,4296.882969592473,4622.689466191366,4371.08480469427,86.69182741363036,4402.66015625,Actual
2021-08-05,4461.1388545883365,4282.961884135383,4621.725460207699,4372.229165854301,88.90968873403558,4429.10009765625,Actual
2021-08-06,4464.718057419832,4301.151753384192,4621.926724840458,4373.373527014331,91.34453040550122,4436.52001953125,Actual
2021-08-09,4476.416502355364,4298.430053903519,4632.3721776167085,4376.806610494422,99.6098918609419,4432.35009765625,Actual
2021-08-10,4480.49954343661,4310.8378167342535,4659.507872279533,4377.950971654452,102.54857178215887,4436.75,Actual
2021-08-11,4484.598697643984,4327.35458347296,4653.2062153751,4379.095332814483,105.5033648295009,4442.41015625,Actual
2021-08-12,4488.666815632147,4329.787584467318,4648.286812303979,4380.239693974513,108.42712165763395,4460.830078125,Actual
2021-08-13,4492.657323768072,4335.791260780708,4652.040768551214,4381.384055134544,111.27326863352839,4468.0,Actual
2021-08-16,4503.730065967564,4353.842338976785,4667.775299840711,4384.817138614634,118.91292735292946,4479.7099609375,Actual
2021-08-17,4506.994856682774,4348.998116472733,4665.782583666475,4385.961499774665,121.03335690810957,4448.080078125,Actual
2021-08-18,4509.9950734954755,4338.83337244583,4670.841085297048,4387.105860934696,122.88921256078014,4400.27001953125,Actual
2021-08-19,4512.708096794534,4344.064855764313,4670.646063133743,4388.250222094725,124.45787469980849,4405.7998046875,Actual
2021-08-20,4515.117319565268,4353.933281574408,4688.914911677911,4389.394583254756,125.72273631051236,4441.669921875,Actual
2021-08-23,4520.447103691109,4358.4919115333405,4685.133464160552,4392.827666734846,127.6194369562623,4479.52978515625,Actual
2021-08-24,4521.594974862633,4357.999231446607,4684.5595554906395,4393.972027894877,127.62294696775511,4486.22998046875,Actual
2021-08-25,4522.443447702596,4356.464365324487,4683.1302890425695,4395.116389054908,127.32705864768835,4496.18994140625,Actual
2021-08-26,4523.0080479732915,4351.6283708673245,4689.0765830635655,4396.2607502149385,126.74729775835304,4470.0,Actual
2021-08-27,4523.307625978568,4354.440268106355,4673.490568572381,4397.405111374968,125.90251460359879,4509.3701171875,Actual
2021-08-30,4522.836727031899,4352.417259710518,4692.006494156282,4400.83819485506,121.99853217683862,4528.7900390625,Actual
2021-08-31,4522.3012568224685,4354.146164328596,4682.783415014354,4401.982556015089,120.3187008073789,4522.68017578125,Actual
2021-09-01,4521.614855998192,4352.127338262712,4683.754424567313,4403.126917175121,118.48793882307099,4524.08984375,Actual
2021-09-02,4520.79847413215,4355.266912186701,4687.013197781962,4404.271278335151,116.5271957969993,4536.9501953125,Actual
2021-09-03,4519.870781511078,4349.364558590492,4686.533218776606,4405.4156394951815,114.45514201589714,4535.43017578125,Actual
2021-09-07,4515.3163891220365,4353.533808455258,4686.520811142808,4409.9930841353025,105.32330498673407,4520.02978515625,Actual
2021-09-08,4514.005255136978,4351.758481042579,4672.6299376148945,4411.137445295333,102.86780984164484,4514.06982421875,Actual
2021-09-09,4512.628905442447,4352.864830495082,4680.391776517317,4412.281806455363,100.3470989870837,4493.27978515625,Actual
2021-09-10,4511.184106064217,4346.860330565922,4674.278069682061,4413.426167615394,97.75793844882355,4458.580078125,Actual
2021-09-13,4506.376632327251,4331.508253417396,4667.366429025154,4416.859252091187,89.51738023606455,4468.72998046875,Actual
2021-09-14,4504.590176368202,4339.669262451564,4678.470025975519,4418.003613583119,86.58656278508364,4443.0498046875,Actual
2021-09-15,4502.698410968199,4339.352007515921,4656.817336695181,4419.1479750750495,83.55043589314897,4480.7001953125,Actual
2021-09-16,4500.69482944995,4348.462159816666,4665.096293387625,4420.29233656698,80.40249288296955,4473.75,Actual
2021-09-17,4498.574971322553,4338.217043563283,4661.372242839141,4421.436698058912,77.13827326364085,4432.990234375,Actual
2021-09-20,4491.517832209867,4322.433753554477,4652.656461189199,4424.869782534705,66.64804967516233,4357.72998046875,Actual
2021-09-21,4488.951692756588,4325.891255129391,4650.926437000791,4426.014144026637,62.93754872995162,4354.18994140625,Actual
2021-09-22,4486.298791786385,4335.956831859652,4645.965441925563,4427.158505518567,59.140286267817714,4395.64013671875,Actual
2021-09-23,4483.578083104014,4319.558256866172,4655.480971571587,4428.302867010499,55.275216093515446,4448.97998046875,Actual
2021-09-24,4480.813121874541,4322.735637141999,4643.878683177701,4429.44722850243,51.3658933721111,4455.47998046875,Actual
2021-09-27,4472.552038523246,4308.72688303044,4635.698398046867,4432.880312978224,39.67172554502199,4443.10986328125,Actual
2021-09-28,4469.927491619201,4300.104025265866,4631.982031017545,4434.024674470154,35.902817149045916,4352.6298828125,Actual
2021-09-29,4467.433311175569,4310.845025493547,4640.349563739011,4435.169035962085,32.26427521348363,4359.4599609375,Actual
2021-09-30,4465.111445466228,4300.939906389954,4629.013714819809,4436.313397454017,28.798048012211158,4307.5400390625,Actual
2021-10-01,4463.0042384049875,4299.481558955119,4625.049668972904,4437.457758945948,25.546479459040203,4357.0400390625,Actual
2021-10-04,4458.379550283078,4292.936017413413,4624.2962215660455,4440.890843421741,17.488706861337235,4300.4599609375,Actual
2021-10-05,4457.528326608669,4288.474895210818,4620.670463753035,4442.035204913672,15.493121694997566,4345.72021484375,Actual
2021-10-06,4457.075561386386,4305.098193958532,4615.913266679203,4443.1795664056035,13.895994980781829,4363.5498046875,Actual
2021-10-07,4457.046045661821,4300.313404277846,4629.581239298175,4444.323927897534,12.72211776428727,4399.759765625,Actual
2021-10-08,4457.458810133844,4302.155940196078,4615.142677483706,4445.468289389466,11.99052074437785,4391.33984375,Actual
2021-10-11,4461.44486218786,4282.624221842458,4624.332511130984,4448.901373865259,12.543488322600995,4361.18994140625,Actual
2021-10-12,4463.686961607889,4287.558601293875,4635.6475654511,4450.04573535719,13.641226250699372,4350.64990234375,Actual
2021-10-13,4466.3674840329995,4301.094036848755,4633.423065740856,4451.190096849121,15.177387183878661,4363.7998046875,Actual
2021-10-14,4469.465660536068,4300.609768637077,4627.019681374618,4452.334458341053,17.131202195015447,4438.259765625,Actual
2021-10-15,4472.954781636776,4318.689510868334,4626.0268995827855,4453.478819832983,19.475961803792703,4471.3701171875,Actual
2021-10-18,4485.425655634082,4309.836162253386,4649.159542754602,4456.911904308778,28.513751325304497,4486.4599609375,Actual
2021-10-19,4490.117170226835,4331.713064316669,4656.156605183413,4458.0562658007075,32.06090442612726,4519.6298828125,Actual
2021-10-20,4495.003018371847,4327.736603874964,4668.276540107389,4459.200627292639,35.80239107920843,4536.18994140625,Actual
2021-10-21,4500.037787001309,4331.351742536348,4660.2532123416695,4460.344988784571,39.69279821673767,4549.77978515625,Actual
2021-10-22,4505.176421100111,4349.385749671086,4657.646029514017,4461.489350276501,43.687070823609865,4544.89990234375,Actual
2021-10-25,4520.791135946455,4356.439035097038,4680.97041193938,4464.922434752295,55.86870119416021,4566.47998046875,Actual
2021-10-26,4525.935821314236,4370.942888049166,4692.88807277432,4466.066796244226,59.86902507001056,4574.7900390625,Actual
2021-10-27,4530.997267634412,4374.531739914898,4698.44235001699,4467.2111577361575,63.78610989825455,4551.68017578125,Actual
2021-10-28,4535.9508757530675,4359.155030383714,4692.155650907249,4468.355519228088,67.59535652497952,4596.419921875,Actual
2021-10-29,4540.777420374077,4373.326057021204,4713.830222765811,4469.499880720019,71.27753965405809,4605.3798828125,Actual
2021-11-01,4554.385041206862,4396.839589089221,4711.24238869654,4472.932965195812,81.45207601104974,4613.669921875,Actual
2021-11-02,4558.620343898328,4395.506089805211,4721.496735533659,4474.077326687744,84.54301721058468,4630.64990234375,Actual
2021-11-03,4562.712539949649,4400.522216640142,4727.295861977122,4475.221688179675,87.49085176997441,4660.56982421875,Actual
2021-11-04,4566.672095569563,4403.079328387608,4722.19526456267,4476.366049671607,90.30604589795625,4680.06005859375,Actual
2021-11-05,4570.51261194255,4395.115174343056,4726.411631526081,4477.510411163537,93.00220077901326,4697.52978515625,Actual
2021-11-08,4581.4854439761075,4418.53621547059,4745.140776139418,4480.943495639331,100.54194833677698,4701.7001953125,Actual
2021-11-09,4585.018924504458,4423.693418914804,4740.724501141912,4482.087857131261,102.93106737319656,4685.25,Actual
2021-11-10,4588.5183890058925,4427.125750171366,4756.84495798891,4483.232218623193,105.28617038269961,4646.7099609375,Actual
2021-11-11,4591.9980693115,4434.188514551561,4760.677142023238,4484.376580115124,107.62148919637595,4649.27001953125,Actual
2021-11-12,4595.469395156711,4429.368630584336,4748.296629561909,4485.520941581057,109.94845357565386,4682.85009765625,Actual
2021-11-15,4605.893145778478,4440.871894342512,4767.126514904897,4488.954025978856,116.93911979962151,4682.7998046875,Actual
2021-11-16,4609.369962644484,4458.480371864416,4764.270185783319,4490.098387444789,119.27157519969492,4700.89990234375,Actual
2021-11-17,4612.836168262669,4446.885063924751,4777.336500103535,4491.242748910723,121.5934193519458,4688.669921875,Actual
2021-11-18,4616.27801410459,4459.140671628669,4787.09947987819,4492.387110376656,123.8909037279333,4704.5400390625,Actual
2021-11-19,4619.677589845831,4455.036645378495,4798.448901252249,4493.531471842589,126.14611800324236,4697.9599609375,Actual
2021-11-22,4629.391106358304,4460.779248108783,4803.591443629131,4496.964556240388,132.42655011791513,4682.93994140625,Actual
2021-11-23,4632.3770195128645,4455.958396011984,4792.158142217931,4498.108917706321,134.26810180654357,4690.7001953125,Actual
2021-11-24,4635.1881032805995,4473.087046003323,4802.813424445943,4499.253279172254,135.93482410834503,4701.4599609375,Actual
2021-11-26,4640.167760303876,4470.708248434572,4797.384314262675,4501.542002104121,138.62575819975555,4594.6201171875,Actual
2021-11-29,4645.6333236504815,4480.9194282391445,4810.489569713761,4504.97508650192,140.65823714856197,4655.27001953125,Actual
2021-11-30,4646.836265361503,4479.392121155064,4815.809873124181,4506.119447967853,140.71681739364962,4567.0,Actual
2021-12-01,4647.706899930795,4491.389375454803,4815.907034893531,4507.263809433786,140.44309049700848,4513.0400390625,Actual
2021-12-02,4648.239223243564,4486.900906890518,4809.803389498542,4508.408170899719,139.83105234384524,4577.10009765625,Actual
2021-12-03,4648.432854911485,4482.497772864197,4814.262989727948,4509.552532365653,138.8803225458326,4538.43017578125,Actual
2021-12-06,4647.06373795057,4491.08720636412,4797.10346707832,4512.985616763452,134.07812118711843,4591.669921875,Actual
2021-12-07,4646.01233235198,4484.766423598165,4806.679943550627,4514.1299782293845,131.882354122596,4686.75,Actual
2021-12-08,4644.703392970203,4479.135385547122,4810.3142119774375,4515.274339695318,129.42905327488478,4701.2099609375,Actual
2021-12-09,4643.1672035854235,4480.7773512056865,4810.976138824454,4516.418701161251,126.74850242417203,4667.4501953125,Actual
2021-12-10,4641.437196450121,4473.126641367207,4809.3919930466745,4517.563062627185,123.87413382293559,4712.02001953125,Actual
2021-12-13,4635.446756707354,4471.528754978873,4796.166153493368,4520.996147024984,114.45060968237054,4668.97021484375,Actual
2021-12-14,4633.306509222075,4478.508564744593,4801.93716811762,4522.140508490917,111.16600073115879,4634.08984375,Actual
2021-12-15,4631.15401454835,4475.081056308817,4793.910634369695,4523.284869956849,107.86914459149985,4709.85009765625,Actual
2021-12-16,4629.0216063555645,4450.819184781935,4790.041968464456,4524.429231422783,104.59237493278093,4668.669921875,Actual
2021-12-17,4626.938162731985,4458.0087264011345,4798.362512573227,4525.573592888716,101.36456984326948,4620.64013671875,Actual
2021-12-20,4621.204035562589,4462.327181448873,4781.811347145177,4529.006677286515,92.19735827607363,4568.02001953125,Actual
2021-12-21,4619.513257477242,4460.031709497502,4777.777191300499,4530.151038752449,89.36221872479408,4649.22998046875,Actual
2021-12-22,4617.943272831661,4445.518891625199,4783.685620869501,4531.2954002183815,86.64787261327892,4696.56005859375,Actual
2021-12-23,4616.492040709851,4460.275600449201,4779.005487225912,4532.439761684315,84.05227902553543,4725.7900390625,Actual
2021-12-27,4611.660116572109,4450.2413186320755,4772.655512026522,4537.017207548048,74.64290902406039,4791.18994140625,Actual
2021-12-28,4610.606816182901,4443.222230093886,4766.310411674837,4538.161569013981,72.44524716892015,4786.35009765625,Actual
2021-12-29,4609.570547234342,4457.466654667216,4777.143041936723,4539.3059304799135,70.26461675442827,4793.06005859375,Actual
2021-12-30,4608.526901569797,4450.784603155708,4776.276484629445,4540.450291945846,68.07660962395074,4778.72998046875,Actual
2021-12-31,4607.452036281354,4437.527630560052,4755.836849062418,4541.59465341178,65.85738286957312,4766.18017578125,Actual
2022-01-03,4603.832650467585,4447.439852528025,4773.51247151137,4545.02773780958,58.804912658005236,4796.56005859375,Actual
2022-01-04,4602.442723940172,4443.414037274648,4769.047287894505,4546.172099275513,56.27062466465986,4793.5400390625,Actual
2022-01-05,4600.9467984125495,4440.372340486593,4773.3607329387605,4547.316460741446,53.63033767110354,4700.580078125,Actual
2022-01-06,4599.344740127158,4433.542962036882,4750.661310691366,4548.460822207378,50.883917919779094,4696.0498046875,Actual
2022-01-07,4597.64266258537,4442.510952406123,4770.920467180238,4549.605183673311,48.03747891205902,4677.02978515625,Actual
2022-01-10,4592.093555352291,4432.8641195651335,4765.293830370571,4553.038268071111,39.055287281180455,4670.2900390625,Actual
2022-01-11,4590.179447290946,4431.788224184451,4757.758954429617,4554.182629537045,35.996817753900935,4713.06982421875,Actual
2022-01-12,4588.288515819593,4424.995985624033,4761.579415212318,4555.326991002977,32.96152481661635,4726.35009765625,Actual
2022-01-13,4586.460687222445,4428.580307048484,4757.220901358825,4556.471352468911,29.989334753533505,4659.02978515625,Actual
2022-01-14,4582.742303908152,4435.109493079102,4751.626158053468,4555.619057775651,27.123246132501905,4662.85009765625,Actual
2022-01-18,4569.8266638012965,4412.1006696734785,4734.513488571131,4552.2098790026075,17.616784798689253,4577.10986328125,Actual
2022-01-19,4567.301165153383,4407.637212584817,4738.5842591815635,4551.357584309347,15.943580844036484,4532.759765625,Actual
2022-01-20,4565.130414440531,4407.073087009956,4751.542442946644,4550.505289616086,14.625124824444976,4482.72998046875,Actual
2022-01-21,4563.341077911468,4394.354356068164,4719.342726601066,4549.652994922825,13.688082988642703,4397.93994140625,Actual
2022-01-24,4560.405529373276,4400.6924418539365,4730.148584247257,4547.096110843045,13.309418530232033,4410.1298828125,Actual
2022-01-25,4560.238449557359,4387.611930351195,4716.313210490621,4546.243816149784,13.994633407574895,4356.4501953125,Actual
2022-01-26,4560.451491945596,4410.069528446961,4731.336168385866,4545.391521456523,15.059970489072937,4349.93017578125,Actual
2022-01-27,4561.013129617943,4391.476297173878,4720.880904186473,4544.539226763262,16.473902854681107,4326.509765625,Actual
2022-01-28,4561.881146183099,4396.862030201146,4723.7954596417585,4543.686932070002,18.194214113097132,4431.85009765625,Actual
2022-01-31,4565.752157909194,4396.734396616169,4722.66861958994,4541.13004799022,24.622109918972974,4515.5498046875,Actual
2022-02-01,4567.230938299862,4395.5459387234905,4728.30912263437,4540.277753296959,26.953185002902238,4546.5400390625,Actual
2022-02-02,4568.669590277538,4403.962903849136,4737.4938993315045,4539.425458603699,29.24413167383975,4589.3798828125,Actual
2022-02-03,4569.980253253798,4397.838412899245,4743.263738454631,4538.573163910438,31.407089343360397,4477.43994140625,Actual
2022-02-04,4571.072690568637,4407.992152436502,4717.39662640111,4537.720869217177,33.351821351460295,4500.52978515625,Actual
2022-02-07,4572.143376526899,4420.087072222176,4735.470877046724,4535.163985137395,36.97939138950426,4483.8701171875,Actual
2022-02-08,4571.481267385876,4402.978692703794,4723.87648153781,4534.311690444135,37.16957694174102,4521.5400390625,Actual
2022-02-09,4570.182584640066,4403.18784637227,4732.237931770754,4533.459395750874,36.72318888919207,4587.18017578125,Actual
2022-02-10,4568.183740410726,4413.805796870838,4745.435291517719,4532.607101057614,35.57663935311208,4504.080078125,Actual
2022-02-11,4565.431877487997,4407.637780435811,4736.002377978331,4531.7548063643535,33.67707112364293,4418.64013671875,Actual
2022-02-14,4552.3174433419135,4380.742835198037,4717.501520588205,4529.197922284571,23.11952105734212,4401.669921875,Actual
2022-02-15,4546.281832771347,4388.411638156002,4706.763351159723,4528.34562759131,17.93620518003626,4471.06982421875,Actual
2022-02-16,4539.428246799839,4370.29273269304,4696.049623796227,4527.49333289805,11.934913901789725,4475.009765625,Actual
2022-02-17,4531.7871434023145,4368.108612126025,4705.41512984687,4526.64103820479,5.146105197524771,4380.259765625,Actual
2022-02-18,4523.403167196923,4359.6960019052685,4678.646124973252,4525.788743511529,-2.385576314605716,4348.8701171875,Actual
2022-02-22,4483.776432554171,4310.042415056998,4644.052467821579,4522.379564738486,-38.60313218431465,4304.759765625,Actual
2022-02-23,4472.774038603835,4302.401096202111,4630.865614866356,4521.527270045225,-48.75323144139054,4225.5,Actual
2022-02-24,4461.531724147262,4290.413301516034,4623.129232566063,4520.674975351964,-59.143251204702,4288.7001953125,Actual
2022-02-25,4450.156995704086,4280.728332305288,4618.886445785983,4519.822680658704,-69.66568495461796,4384.64990234375,Actual
2022-02-28,4416.321057992365,4254.101026654835,4581.873260139993,4517.265796578922,-100.94473858655715,4373.93994140625,Actual
2022-03-01,4405.4869939433465,4256.692647766992,4567.826990659996,4516.413501885662,-110.92650794231575,4306.259765625,Actual
2022-03-02,4395.036149205482,4234.967738272039,4556.157574302352,4515.5612071924015,-120.52505798691939,4386.5400390625,Actual
2022-03-03,4385.0532111000175,4225.538517931649,4548.720997123939,4514.708912499141,-129.65570139912293,4363.490234375,Actual
2022-03-04,4375.612733983675,4226.227948909808,4535.803282748326,4513.85661780588,-138.24388382220545,4328.8701171875,Actual
2022-03-07,4351.115082798069,4176.02107798328,4521.614988114299,4511.299733726099,-160.18465092802916,4201.08984375,Actual
2022-03-08,4344.349146600278,4170.732185115452,4512.821027978083,4510.447439032838,-166.09829243255984,4170.7001953125,Actual
2022-03-09,4338.312400645862,4179.167161237347,4502.407221555189,4509.595144339577,-171.2827436937149,4277.8798828125,Actual
2022-03-10,4333.002392448544,4180.321619627043,4504.177190441216,4508.742849646316,-175.74045719777243,4259.52001953125,Actual
2022-03-11,4328.403979518821,4167.942946860701,4500.40737346298,4507.8905549530555,-179.4865754342344,4204.31005859375,Actual
2022-03-14,4318.5557210961415,4162.180320356561,4478.721440152541,4505.333670873273,-186.77794977713168,4173.10986328125,Actual
2022-03-15,4316.432622282101,4156.54539299689,4481.517453027249,4504.481376180013,-188.0487538979125,4262.4501953125,Actual
2022-03-16,4314.79227618428,4144.332213318877,4470.061082930543,4503.6290814867525,-188.83680530247207,4357.85986328125,Actual
2022-03-17,4313.568473385244,4158.481428287807,4483.622065506999,4502.776786793492,-189.2083134082475,4411.669921875,Actual
2022-03-18,4312.692158086415,4149.5382972746975,4476.805335370108,4501.924492100231,-189.2323340138164,4463.1201171875,Actual
2022-03-21,4300.478396138495,4134.859616467337,4462.662012188291,4488.393981609602,-187.91558547110662,4461.18017578125,Actual
2022-03-22,4296.647961348432,4134.248320558521,4458.528906322337,4483.883811446059,-187.23585009762746,4511.60986328125,Actual
2022-03-23,4292.8371750941,4128.944232565089,4458.110532162431,4479.373641282516,-186.53646618841594,4456.240234375,Actual
2022-03-24,4288.994503572464,4121.028024905877,4445.345292668425,4474.8634711189725,-185.86896754650812,4520.16015625,Actual
2022-03-25,4285.075815183466,4117.197470796727,4444.881973529422,4470.353300955429,-185.2774857719634,4543.06005859375,Actual
2022-03-28,4272.54702240001,4107.141877644927,4426.355906269756,4456.822790464801,-184.2757680647907,4575.52001953125,Actual
2022-03-29,4268.051437991604,4109.68635330516,4422.128706556474,4452.312620301257,-184.26118230965315,4631.60009765625,Actual
2022-03-30,4263.3871825431015,4097.685866062618,4433.610855837167,4447.802450137714,-184.41526759461252,4602.4501953125,Actual
2022-03-31,4258.561283206834,4093.502511857237,4420.2659625386505,4443.292279974171,-184.73099676733707,4530.41015625,Actual
2022-04-01,4253.588201480386,4098.124978038843,4429.38167778464,4438.782109810629,-185.19390833024306,4545.85986328125,Actual
2022-04-04,4238.0230556176775,4068.415599611384,4405.2914660519655,4425.2515993199995,-187.22854370232164,4582.64013671875,Actual
2022-04-05,4232.721813481573,4061.625406933519,4405.608827781949,4420.741429156456,-188.01961567488337,4525.1201171875,Actual
2022-04-06,4227.422933339382,4070.6925956292316,4387.26641700737,4416.231258992912,-188.8083256535305,4481.14990234375,Actual
2022-04-07,4222.163672827017,4064.1161323379015,4390.623162061473,4411.721088829369,-189.55741600235206,4500.2099609375,Actual
2022-04-08,4216.980931011323,4048.8110327950308,4380.7862657388905,4407.210918665827,-190.22998765450367,4488.27978515625,Actual
2022-04-11,4202.232613392082,4042.5292993901476,4364.529621393305,4393.680408175198,-191.44779478311543,4412.52978515625,Actual
2022-04-12,4197.68080754883,4029.545720236404,4360.553441152634,4389.170238011655,-191.48943046282506,4397.4501953125,Actual
2022-04-13,4193.349422095977,4047.4627803011012,4369.4222632633855,4384.660067848112,-191.3106457521348,4446.58984375,Actual
2022-04-14,4189.253989999558,4022.271667649506,4355.907532300447,4380.149897684569,-190.89590768501083,4392.58984375,Actual
2022-04-18,4175.355637788855,4005.384770459604,4340.296967028529,4362.109217030397,-186.75357924154162,4391.68994140625,Actual
2022-04-19,4172.487963618234,4008.6480073948146,4333.937852262883,4357.599046866853,-185.11108324861905,4462.2099609375,Actual
2022-04-20,4169.841572329198,4005.9990748847094,4326.914177361785,4353.08887670331,-183.24730437411165,4459.4501953125,Actual
2022-04-21,4167.3993393169485,4002.442827602531,4340.556075197444,4348.578706539767,-181.17936722281885,4393.66015625,Actual
2022-04-22,4165.141623357721,3999.792421916963,4333.667078048692,4344.068536376224,-178.9269130185031,4271.77978515625,Actual
2022-04-25,4159.258166908581,3995.8318357996222,4328.665983994255,4330.538025885596,-171.27985897701458,4296.1201171875,Actual
2022-04-26,4157.519685932481,3986.1074820798144,4322.815229775052,4326.027855722053,-168.50816978957167,4175.2001953125,Actual
2022-04-27,4155.857497669516,3995.7323525282304,4316.823826716708,4321.51768555851,-165.66018788899308,4183.9599609375,Actual
2022-04-28,4154.253089120183,3981.602908136504,4314.7042632266375,4317.007515394966,-162.7544262747822,4287.5,Actual
2022-04-29,4152.6903505708315,4002.979864906607,4317.470071540431,4312.4973452314225,-159.80699466059082,4131.93017578125,Actual
2022-05-02,4148.133647793184,3980.989931238355,4305.896940124608,4298.966834740794,-150.8331869476101,4155.3798828125,Actual
2022-05-03,4146.6341534555495,3975.9716466221453,4299.3097234953,4294.456664577251,-147.8225111217013,4175.47998046875,Actual
2022-05-04,4145.139456757973,3972.6622681587896,4298.819725713009,4289.946494413708,-144.80703765573534,4300.169921875,Actual
2022-05-05,4143.650483846401,3989.522017212421,4314.324488121603,4285.436324250165,-141.78584040376472,4146.8701171875,Actual
2022-05-06,4142.170168493274,3977.505135467848,4301.695687260281,4280.926154086621,-138.75598559334654,4123.33984375,Actual
2022-05-09,4137.828724258592,3964.2888259610336,4296.056131553026,4267.3956435959935,-129.5669193374012,3991.239990234375,Actual
2022-05-10,4136.432150986181,3975.30502399909,4309.9574132778425,4262.8854734324495,-126.45332244626884,4001.050048828125,Actual
2022-05-11,4135.067968668485,3966.1980975630213,4302.18012905323,4258.3753032689065,-123.30733460042082,3935.179931640625,Actual
2022-05-12,4133.7380803359565,3968.166861869848,4292.27232604622,4253.865133105363,-120.12705276940699,3930.080078125,Actual
2022-05-13,4132.441968240115,3970.059526463441,4303.780472889585,4249.35496294182,-116.91299470170517,4023.889892578125,Actual
2022-05-16,4128.705067616312,3962.9785481598087,4298.475777315649,4235.824452451192,-107.11938483488073,4008.010009765625,Actual
2022-05-17,4127.475359277575,3972.4035778455195,4288.96109861708,4231.314282287649,-103.83892301007349,4088.85009765625,Actual
2022-05-18,4126.227183666748,3950.8567615113016,4296.429229537953,4226.804112124106,-100.57692845735788,3923.679931640625,Actual
2022-05-19,4124.9393709473425,3949.0378836384934,4286.515890909635,4222.293941960562,-97.35457101321947,3900.7900390625,Actual
2022-05-20,4123.587624648235,3954.6836111564007,4291.950726258821,4217.7837717957245,-94.19614714749014,3901.360107421875,Actual
2022-05-23,4118.870434037126,3964.4915673231812,4285.905697542229,4204.253261301212,-85.38282726408607,3973.75,Actual
2022-05-24,4116.9778803131085,3951.0730856603413,4269.617319035741,4199.7430911363745,-82.76521082326566,3941.47998046875,Actual
2022-05-25,4114.875170552525,3958.1560343768006,4281.706562722913,4195.232920971536,-80.35775041901192,3978.72998046875,Actual
2022-05-26,4112.534097802764,3938.0603624639825,4270.900129438193,4190.722750806699,-78.18865300393456,4057.840087890625,Actual
2022-05-27,4109.929110424306,3941.3648911728865,4276.872938581311,4186.212580641862,-76.28347021755582,4158.240234375,Actual
2022-05-31,4096.507484776288,3925.347211225911,4265.124698346664,4168.171899982511,-71.6644152062229,4132.14990234375,Actual
2022-06-01,4092.360551314323,3931.403423162521,4256.362781281901,4163.661729817673,-71.30117850335054,4101.22998046875,Actual
2022-06-02,4087.9043685538577,3926.951551363703,4256.383513379543,4159.151559652836,-71.24719109897823,4176.81982421875,Actual
2022-06-03,4083.155872946539,3930.151800538763,4243.457338340892,4154.641389487998,-71.48551654145894,4108.5400390625,Actual
2022-06-06,4067.443623497817,3910.3707226935653,4230.000017030587,4141.110878993486,-73.66725549566894,4121.43017578125,Actual
2022-06-07,4061.850513936121,3899.413527051865,4211.873772688842,4136.600708828648,-74.7501948925267,4160.68017578125,Actual
2022-06-08,4056.163068189411,3895.071318766145,4223.993306954694,4132.090538663811,-75.92747047439941,4115.77001953125,Actual
2022-06-09,4050.4398360299606,3886.046876647319,4216.211349522094,4127.580368498973,-77.14053246901281,4017.820068359375,Actual
2022-06-10,4044.743518599756,3880.935261533405,4220.305602325104,4123.070198334135,-78.32667973437916,3900.860107421875,Actual
2022-06-13,4028.477918749125,3870.3622885930977,4200.964561026268,4109.539687839622,-81.06176909049717,3749.6298828125,Actual
2022-06-14,4023.5526469490637,3864.4045701457653,4196.697196480629,4105.029517674785,-81.47687072572107,3735.47998046875,Actual
2022-06-15,4018.982195690263,3854.3367231599973,4178.834229757252,4100.519347509948,-81.53715181968487,3789.989990234375,Actual
2022-06-16,4014.8245451437033,3850.688707015199,4167.885427807116,4096.0091773451095,-81.18463220140609,3666.77001953125,Actual
2022-06-17,4011.1316671676323,3851.904548090621,4174.482276541803,4091.499007180272,-80.36734001263999,3674.840087890625,Actual
2022-06-21,4001.766363351342,3822.3992390810504,4161.393991937562,4073.4583265209226,-71.69196316958033,3764.7900390625,Actual
2022-06-22,4000.881900875608,3844.057488971227,4162.1807204137085,4068.948156356085,-68.06625548047677,3759.889892578125,Actual
2022-06-23,4000.584736252922,3837.171940507011,4169.753005940388,4064.4379861912475,-63.853249938325476,3795.72998046875,Actual
2022-06-24,4000.857452476285,3851.7761114063373,4162.955490201284,4059.92781602641,-59.070363550124824,3911.739990234375,Actual
2022-06-27,4004.7565609239246,3841.2167626918945,4175.1886270307195,4046.397305531897,-41.64074460797226,3900.110107421875,Actual
2022-06-28,4006.920193736169,3839.3055251737437,4163.968050658035,4041.8871353670597,-34.966941630890645,3821.550048828125,Actual
2022-06-29,4009.4124715207436,3842.170208308084,4177.803079491527,4037.376965202222,-27.964493681478448,3818.830078125,Actual
2022-06-30,4012.160936692967,3843.1997788419035,4174.180613960952,4032.8667950373842,-20.705858344417226,3785.3798828125,Actual
2022-07-01,4015.0882247602754,3860.9351470633574,4179.1405019806525,4028.356624872547,-13.26840011227146,3825.330078125,Actual
2022-07-05,4026.9611505018156,3873.693496181657,4193.908051799792,4010.3159442131964,16.64520628861915,3831.389892578125,Actual
2022-07-06,4029.569482214555,3869.4164502216954,4195.847132762932,4005.8057740483587,23.763708166196505,3845.080078125,Actual
2022-07-07,4031.8852943809857,3864.488369339816,4197.476569565301,4001.2956038835214,30.589690497464513,3902.6201171875,Actual
2022-07-08,4033.8446950873604,3871.164217522765,4197.175165233749,3996.7854337186836,37.05926136867691,3899.3798828125,Actual
2022-07-11,4037.0746513025874,3876.337380353514,4190.297562559439,3983.2549232241718,53.81972807841546,3854.429931640625,Actual
2022-07-12,4037.148415479821,3877.339928958612,4202.926696032906,3978.744753059334,58.40366242048698,3818.800048828125,Actual
2022-07-13,4036.687780181307,3889.28856093097,4198.879757252897,3974.2345828944967,62.45319728681037,3801.780029296875,Actual
2022-07-14,4035.6898321014523,3887.562649884459,4195.378825360644,3969.724412729659,65.96541937179325,3790.3798828125,Actual
2022-07-15,4034.162784602199,3866.7806291536804,4186.929675086427,3965.2142425648212,68.94854203737778,3863.159912109375,Actual
2022-07-18,4026.6451282954636,3860.416718722237,4207.8857212342555,3951.6837320703085,74.96139622515499,3830.85009765625,Actual
2022-07-19,4023.285853323812,3867.590954601813,4178.134376212627,3947.173561905471,76.11229141834048,3936.68994140625,Actual
2022-07-20,4019.5817275688573,3852.906704818626,4180.847181576478,3942.6633917406334,76.9183358282238,3959.89990234375,Actual
2022-07-21,4015.5905005518694,3850.8628027201803,4178.895095893489,3938.1532215757957,77.43727897607387,3998.949951171875,Actual
2022-07-22,4011.3735685325287,3845.5563638313483,4176.53666755954,3933.6430514109584,77.73051712157041,3961.6298828125,Actual
2022-07-25,4003.53193338225,3846.9495876577876,4168.164982982209,3925.641092563075,77.8908408191749,3966.840087890625,Actual
2022-07-26,4000.885609991326,3840.3189279395756,4170.982538680189,3922.9737729471135,77.91183704421232,3921.050048828125,Actual
2022-07-27,3998.3192726347283,3830.1804280414376,4156.1769543459495,3920.306453331153,78.0128193035751,4023.610107421875,Actual
2022-07-28,3995.883265643703,3830.3347810765226,4149.501368378608,3917.6391337151917,78.24413192851112,4072.429931640625,Actual
2022-07-29,3993.6213621085835,3820.230304116032,4154.514457307511,3914.9718140992304,78.6495480093533,4130.2900390625,Actual
2022-08-01,3988.201465260555,3817.4193321647963,4155.668609136088,3906.9698552513473,81.23161000920751,4118.6298828125,Actual
2022-08-02,3986.9144169682963,3828.4814254513467,4145.133421752472,3904.302535635387,82.61188133290935,4091.18994140625,Actual
2022-08-03,3985.897085794278,3821.962120077712,4145.06094741023,3901.6352160194256,84.26186977485273,4155.169921875,Actual
2022-08-04,3985.142236968112,3828.7159415812807,4140.879156225955,3898.9678964034642,86.17434056464737,4151.93994140625,Actual
2022-08-05,3984.634366314383,3816.749370941552,4148.332536958068,3896.3005767875025,88.33378952688042,4145.18994140625,Actual
2022-08-08,3984.3284760428423,3821.322028274828,4152.500314026822,3888.2986179396194,96.02985810322294,4140.06005859375,Actual
2022-08-09,3984.514518307646,3814.5733177616803,4134.824843793277,3885.631298323659,98.88321998398705,4122.47021484375,Actual
2022-08-10,3984.7745329684813,3820.054197798102,4146.406058377813,3882.9639787076976,101.81055426078358,4210.240234375,Actual
2022-08-11,3985.062394028199,3812.0110844099418,4149.236951157923,3880.2966590917363,104.76573493646268,4207.27001953125,Actual
2022-08-12,3985.3309997252886,3828.5078448372824,4150.1780589836235,3877.629339475775,107.70166024951354,4280.14990234375,Actual
2022-08-15,3985.561405370983,3817.5663009519067,4151.364804121294,3869.6273806278914,115.93402474309136,4297.14013671875,Actual
2022-08-16,3985.30474321523,3815.178310342433,4149.758593073245,3866.960061011931,118.34468220329877,4305.2001953125,Actual
2022-08-17,3984.8197823409387,3828.4017539103343,4151.881331819291,3864.2927413959696,120.52704094496906,4274.0400390625,Actual
2022-08-18,3984.076812452747,3821.2302889564426,4142.224072810348,3861.6254217800083,122.45139067273873,4283.740234375,Actual
2022-08-19,3983.0517482615037,3817.847276898005,4140.439113341037,3858.958102164047,124.09364609745668,4228.47998046875,Actual
2022-08-22,3978.133204434961,3819.7239492837184,4156.379936190844,3850.956143316165,127.1770611187964,4137.990234375,Actual
2022-08-23,3975.8591629340185,3817.657983636739,4133.461847191713,3848.2888237002035,127.57033923381498,4128.72998046875,Actual
2022-08-24,3973.272164146988,3806.7921047004033,4129.291824179704,3845.621504084242,127.6506600627456,4140.77001953125,Actual
2022-08-25,3970.3824977821682,3793.437150406737,4121.507562660757,3842.9541844682803,127.42831331388793,4199.1201171875,Actual
2022-08-26,3967.2047340984464,3796.144153809943,4132.645668660357,3840.28686485232,126.91786924612632,4057.659912109375,Actual
2022-08-29,3956.1364412774437,3790.2802331906382,4117.862550376713,3832.284906004437,123.85153527300677,4030.610107421875,Actual
2022-08-30,3952.009870712832,3781.1911668972334,4122.925641410032,3829.6175863884755,122.39228432435625,3986.159912109375,Actual
2022-08-31,3947.703935166888,3780.38389932369,4118.739140536396,3826.950266772514,120.75366839437417,3955.0,Actual
2022-09-01,3943.241545973487,3783.4779822333367,4121.559883839255,3824.282947156553,118.95859881693437,3966.85009765625,Actual
2022-09-02,3938.6441296664775,3779.2682102719095,4095.2496776162675,3821.6156275405924,117.02850212588518,3924.260009765625,Actual
2022-09-06,3919.2477753051426,3734.0028148981187,4084.808780214075,3810.9463490767475,108.30142622839506,3908.18994140625,Actual
2022-09-07,3914.206142296652,3736.7207128437985,4071.1220507635817,3808.279029460786,105.927112835866,3979.8701171875,Actual
2022-09-08,3909.0994379989233,3746.7033502125914,4072.339082416349,3805.611709844825,103.48772815409839,4006.179931640625,Actual
2022-09-09,3903.9279151791875,3734.3273948680985,4068.0669540769145,3802.9443902288644,100.98352495032306,4067.360107421875,Actual
2022-09-12,3887.9871978263805,3733.821443302772,4063.6072240074327,3794.9424313809814,93.04476644539905,4110.41015625,Actual
2022-09-13,3882.509639085292,3716.429478239933,4046.347358374784,3792.27511176502,90.234527320272,3932.68994140625,Actual
2022-09-14,3876.936643427893,3708.800119027003,4031.068024310102,3789.6077921490587,87.32885127883429,3946.010009765625,Actual
2022-09-15,3871.260198118493,3691.9811165987617,4039.553769500111,3786.940472533098,84.31972558539513,3901.35009765625,Actual
2022-09-16,3865.4733999684563,3702.362129666111,4035.786351907377,3784.2731529171365,81.20024705131992,3873.330078125,Actual
2022-09-19,3847.4139952150576,3681.7605289797175,4021.5587573809025,3776.2711940692534,71.1428011458041,3899.889892578125,Actual
2022-09-20,3841.1642148385,3670.702955753056,4007.5954728595507,3773.603874453292,67.56034038520805,3855.929931640625,Actual
2022-09-21,3834.8105007194536,3664.9069415754752,4002.910260362566,3770.936554837331,63.87394588212226,3789.929931640625,Actual
2022-09-22,3828.3660139754375,3653.657753397387,3996.5425221495393,3768.2692352213703,60.09677875406718,3757.989990234375,Actual
2022-09-23,3821.8485453583403,3666.712705782043,3987.07042680542,3765.601915605409,56.24662975293125,3693.22998046875,Actual
2022-09-26,3811.4892255067703,3644.4995744843786,3967.811248233302,3766.984742816452,44.50448269031812,3655.0400390625,Actual
2022-09-27,3808.0752046256257,3640.3369674618443,3973.9719087705353,3767.4456852201333,40.62951940549216,3647.2900390625,Actual
2022-09-28,3804.7410665239618,3637.6428792191064,3962.4207137872427,3767.906627623814,36.83443890014777,3719.0400390625,Actual
2022-09-29,3801.526978868675,3635.671034032487,3972.023246541445,3768.3675700274953,33.15940884118002,3640.469970703125,Actual
2022-09-30,3798.4746448432966,3634.9576584876545,3965.2689083025007,3768.8285124311765,29.646132412119936,3585.6201171875,Actual
2022-10-03,3790.7088928263365,3627.275268549865,3961.1500205468074,3770.2113396422196,20.497553184116715,3678.429931640625,Actual
2022-10-04,3788.718742555414,3624.315937951618,3949.143641374678,3770.672282045901,18.04646050951313,3790.929931640625,Actual
2022-10-05,3787.088973073127,3610.5276517771044,3954.7466068155595,3771.133224449582,15.95574862354506,3783.280029296875,Actual
2022-10-06,3785.8506384249667,3619.6203841633774,3952.800656356854,3771.594166853263,14.256471571703742,3744.52001953125,Actual
2022-10-07,3785.02987210059,3613.272030079971,3945.5758450498456,3772.055109256944,12.974762843646118,3639.659912109375,Actual
2022-10-10,3785.2470099772863,3616.276983409451,3952.074569346993,3773.4379364679876,11.80907350929871,3612.389892578125,Actual
2022-10-11,3786.23826431958,3605.567244601059,3951.2077907447456,3773.8988788716683,12.339385447911948,3588.840087890625,Actual
2022-10-12,3787.6848376010357,3623.6826831448107,3941.5725673495094,3774.3598212753495,13.325016325686136,3577.030029296875,Actual
2022-10-13,3789.5740385320178,3628.213376371688,3957.2254380232066,3774.8207636790307,14.753274852987198,3669.909912109375,Actual
2022-10-14,3791.8866639954495,3633.3216899399554,3954.7653394873555,3775.281706082712,16.60495791273739,3583.070068359375,Actual
2022-10-17,3801.0856187901127,3636.5663058660853,3958.53744219443,3776.664533293755,24.421085496357488,3677.949951171875,Actual
2022-10-18,3804.788075125537,3649.0968262622455,3961.217328023384,3777.1254756974363,27.662599428100577,3719.97998046875,Actual
2022-10-19,3808.740548484695,3637.5376490694907,3976.903721745395,3777.5864181011175,31.154130383577247,3695.159912109375,Actual
2022-10-20,3812.8986428475055,3665.817534370443,3973.1003817154046,3778.0473605047987,34.8512823427068,3665.780029296875,Actual
2022-10-21,3817.217017775743,3653.492310310783,3987.4590895661436,3778.5083029084794,38.70871486726361,3752.75,Actual
2022-10-24,3830.6879901986017,3673.1385967082374,3979.1922002921287,3779.891130119523,50.7968600790787,3797.340087890625,Actual
2022-10-25,3835.2110567893183,3661.2279076387413,3999.5927915011953,3780.3520725232042,54.858984266114106,3859.110107421875,Actual
2022-10-26,3839.6886875918203,3682.5277248249545,4003.8080655200215,3780.813014926885,58.87567266493528,3830.60009765625,Actual
2022-10-27,3844.0900349089547,3676.103629315275,4004.6450605552895,3781.273957330566,62.816077578388615,3807.300048828125,Actual
2022-10-28,3848.389199687068,3690.5752045373683,4016.392614281474,3781.7348997342474,66.6542999528205,3901.06005859375,Actual
2022-10-31,3860.495247318246,3700.7476780022757,4024.4702842846864,3783.1177269452905,77.37752037295553,3871.97998046875,Actual
2022-11-01,3864.2347818425205,3719.1110563119105,4033.862622570427,3783.5786693489717,80.65611249354897,3856.10009765625,Actual
2022-11-02,3867.8236390055454,3709.3782258591173,4031.902033492542,3784.039611752653,83.78402725289234,3759.68994140625,Actual
2022-11-03,3871.2673507025065,3702.82412972223,4027.4796185285136,3784.500554156334,86.76679654617234,3719.889892578125,Actual
2022-11-04,3874.575481308621,3704.678758317902,4054.883178763044,3784.961496560015,89.613984748606,3770.550048828125,Actual
2022-11-07,3883.827082111391,3712.685689268988,4030.198229038433,3786.3443237710585,97.48275834033261,3806.800048828125,Actual
2022-11-08,3886.742744001865,3716.274519003558,4037.2982754587597,3786.8052661747397,99.93747782712526,3828.110107421875,Actual
2022-11-09,3889.603792537157,3724.9131597896194,4060.562808739413,3787.2662085784204,102.33758395873663,3748.570068359375,Actual
2022-11-10,3892.426913763527,3725.9774295259035,4061.9094900988966,3787.7271509821016,104.69976278142528,3956.3701171875,Actual
2022-11-11,3895.2269283398036,3739.467490003688,4059.91622005155,3788.188093385783,107.03883495402086,3992.929931640625,Actual
2022-11-14,3903.5932984163665,3741.966641033534,4078.6804212172474,3789.5709205968255,114.0223778195408,3957.25,Actual
2022-11-15,3906.3874018264223,3735.0424414016593,4055.997303796319,3790.0318630005067,116.35553882591547,3991.72998046875,Actual
2022-11-16,3909.1818205619484,3748.9597524330666,4076.9109997470823,3790.4928054041875,118.68901515776093,3958.7900390625,Actual
2022-11-17,3911.9683789944625,3756.062813659245,4077.517956620027,3790.953747807869,121.01463118659312,3946.56005859375,Actual
2022-11-18,3914.7344184334947,3753.6121737530298,4077.5730916123493,3791.41469021155,123.3197282219449,3965.340087890625,Actual
2022-11-21,3922.7216419640254,3762.755636897788,4092.144984261826,3792.797517422593,129.9241245414325,3949.93994140625,Actual
2022-11-22,3925.200811479781,3754.7714486507607,4066.4757606097537,3793.2584598262747,131.9423516535064,4003.580078125,Actual
2022-11-23,3927.542335485782,3758.5054515635106,4075.3430122800046,3793.7194022299554,133.82293325582674,4027.260009765625,Actual
2022-11-25,3936.8332384418427,3769.660426410018,4093.123018353609,3799.7810320213016,137.05220642054087,4026.1201171875,Actual
2022-11-28,3949.0089160392426,3788.6670810924293,4113.6991265423385,3808.8734767083192,140.13543933092322,3963.93994140625,Actual
2022-11-29,3952.4971773439524,3786.6731282025203,4118.527396343832,3811.9042916039925,140.5928857399597,3957.6298828125,Actual
2022-11-30,3955.66807809853,3794.3966842945083,4124.769356382518,3814.9351064996654,140.73297159886437,4080.110107421875,Actual
2022-12-01,3958.50902015359,3791.5535093903886,4113.023670326751,3817.965921395338,140.54309875825226,4076.570068359375,Actual
2022-12-02,3961.0126336021285,3797.2379783265123,4133.943276270976,3820.996736291011,140.01589731111767,4071.699951171875,Actual
2022-12-05,3966.5101480540543,3809.2274549522012,4133.7887039373745,3830.08918097803,136.42096707602423,3998.840087890625,Actual
2022-12-06,3967.7036351162083,3813.823912605823,4125.317845025795,3833.1199958737025,134.58363924250588,3941.260009765625,Actual
2022-12-07,3968.6073524919707,3807.396791248581,4138.964451392653,3836.150810769375,132.45654172259594,3933.919921875,Actual
2022-12-08,3969.2465520585793,3826.528944496816,4140.696060248453,3839.1816256650486,130.0649263935308,3963.510009765625,Actual
2022-12-09,3969.650602831113,3789.354938738736,4124.941736974422,3842.21244056072,127.43816227039281,3934.3798828125,Actual
2022-12-12,3969.790628622696,3807.0285117157746,4139.081906577937,3851.3048852477386,118.48574337495756,3990.56005859375,Actual
2022-12-13,3969.601498012849,3813.421376765848,4127.304124439218,3854.3357001434124,115.2657978694366,4019.64990234375,Actual
2022-12-14,3969.3561434286557,3806.294832310912,4131.7768396379715,3857.366515039085,111.98962838957091,3995.320068359375,Actual
2022-12-15,3969.0900156061684,3809.8229773729754,4132.4873312624095,3860.397329934757,108.69268567141145,3895.75,Actual
2022-12-16,3968.836183374613,3803.5398319478873,4133.057059350732,3863.428144830431,105.40803854418203,3852.360107421875,Actual
2022-12-19,3968.4258773422525,3804.64618645818,4127.529034451658,3872.5205895174495,95.90528782480295,3817.659912109375,Actual
2022-12-20,3968.476135622872,3810.6072569414796,4126.8518067562545,3875.551404413121,92.9247312097511,3821.6201171875,Actual
2022-12-21,3968.6419391310874,3798.5714368681984,4126.97653011033,3878.5822193087943,90.0597198222931,3878.43994140625,Actual
2022-12-22,3968.9281878709135,3806.2917945482254,4134.41638825929,3881.613034204467,87.31515366644658,3822.389892578125,Actual
2022-12-23,3969.3342066426503,3816.095132782141,4136.661361857308,3884.6438491001395,84.69035754251098,3844.820068359375,Actual
2022-12-27,3971.964920423963,3809.5744304637533,4145.473568817641,3896.767108682832,75.1978117411314,3829.25,Actual
2022-12-28,3972.7900392302795,3818.701371577507,4142.799127545398,3899.797923578504,72.99211565177514,3783.219970703125,Actual
2022-12-29,3973.6382522175404,3817.426005146439,4141.213744387885,3902.8287384741766,70.80951374336401,3849.280029296875,Actual
2022-12-30,3974.4851801720365,3803.545617608857,4130.549621112864,3905.8595533698503,68.62562680218626,3839.5,Actual
2023-01-03,3977.40531620988,3807.129567673266,4139.987714141254,3917.9828129525404,59.42250325733934,3824.139892578125,Actual
2023-01-04,3977.927624174922,3813.7442190114875,4139.791040001078,3921.013627848214,56.91399632670822,3852.969970703125,Actual
2023-01-05,3978.3449013479617,3811.18201931181,4140.94154993972,3924.0444427438865,54.30045860407531,3808.10009765625,Actual
2023-01-06,3978.655505367218,3814.833720903884,4147.12453867214,3927.075257639559,51.58024772765934,3895.080078125,Actual
2023-01-09,3979.0245976757683,3814.8127287671996,4148.240855305352,3936.1677023265775,42.85689534919064,3892.090087890625,Actual
2023-01-10,3979.017744043087,3812.96547864481,4136.871626178619,3939.198517222251,39.81922682083584,3919.25,Actual
2023-01-11,3978.9900707893557,3829.0641191113277,4144.5893261989495,3942.2293321179227,36.76073867143287,3969.610107421875,Actual
2023-01-12,3978.9761999910197,3821.8973373573876,4138.647326616821,3945.260147013596,33.716052977423544,3983.169921875,Actual
2023-01-13,3979.015118442246,3819.5346451268,4140.949987000331,3948.290961909269,30.724156532977318,3999.090087890625,Actual
2023-01-17,3980.570259257803,3820.4833201410797,4143.606147456902,3960.41422149196,20.156037765843354,3990.969970703125,Actual
2023-01-18,3981.531784337434,3812.2828942039105,4149.943316789072,3963.4450363876335,18.08674794980055,3928.860107421875,Actual
2023-01-19,3982.8056709837438,3825.742358312194,4152.28621097502,3966.475851283306,16.329819700437888,3898.85009765625,Actual
2023-01-20,3984.4265652007552,3823.136215396477,4153.292062736193,3969.5066661789783,14.919899021777132,3972.610107421875,Actual
2023-01-23,3991.6170375269057,3828.527736362485,4150.487485332227,3978.599110865997,13.017926660908707,4019.81005859375,Actual
2023-01-24,3994.83009588044,3820.082648770279,4158.047213763272,3981.6299257616697,13.200170118770261,4016.949951171875,Actual
2023-01-25,3998.4474406632457,3822.8378245437193,4153.63130509932,3984.660740657342,13.786700005903501,4016.219970703125,Actual
2023-01-26,4002.4510945569396,3843.383768052164,4167.820365833021,3987.691555553016,14.759539003923502,4060.429931640625,Actual
2023-01-27,4006.8122385726474,3843.416603434453,4165.476848370515,3990.7223704486883,16.089868123959096,4070.56005859375,Actual
2023-01-30,4021.593591319281,3862.5112360035737,4187.025419348165,3999.814815084031,21.77877623524998,4017.77001953125,Actual
2023-01-31,4026.8886231338665,3855.8127942848846,4195.942991894927,4002.8456299624777,24.042993171388954,4076.60009765625,Actual
2023-02-01,4032.24726967361,3867.9426387505314,4186.193127273631,4005.876444840926,26.37082483268373,4119.2099609375,Actual
2023-02-02,4037.587166657988,3866.3152852660237,4202.465864973089,4008.907259719373,28.67990693861469,4179.759765625,Actual
2023-02-03,4042.821335444056,3874.885315465436,4197.664852097383,4011.9380745978206,30.883260846235313,4136.47998046875,Actual
2023-02-06,4056.988536453351,3895.3334874279103,4226.648219841469,4021.0305192331634,35.958017220187585,4111.080078125,Actual
2023-02-07,4060.9020617389647,3890.6468576997745,4223.05770892569,4024.0613341116104,36.84072762735402,4164.0,Actual
2023-02-08,4064.271160432729,3901.659750747272,4219.783867871627,4027.092148990059,37.17901144267048,4117.85986328125,Actual
2023-02-09,4067.02107792516,3916.843253418908,4228.44528691221,4030.1229638685054,36.898114056654656,4081.5,Actual
2023-02-10,4069.085783309581,3909.3658674685694,4235.663079513435,4033.1537787469533,35.93200456262765,4090.4599609375,Actual
2023-02-13,4070.6719220265068,3903.3418725686847,4236.6842377174025,4042.246223382296,28.42569864421038,4137.2900390625,Actual
2023-02-14,4069.5624011602026,3906.2492355744203,4243.143311412464,4045.2770382607428,24.28536289945981,4136.1298828125,Actual
2023-02-15,4067.6174426874454,3907.226514670676,4237.802992955726,4048.307853139191,19.30958954825436,4147.60009765625,Actual
2023-02-16,4064.8491713458557,3904.8678744434937,4238.925815801533,4051.338668017638,13.510503328217526,4090.409912109375,Actual
2023-02-17,4061.284414806938,3900.1742955076224,4227.855975914639,4054.3694828960856,6.914931910852256,4079.090087890625,Actual
2023-02-21,4040.081950350237,3882.778459005343,4212.36892351926,4066.492742409875,-26.41079205963805,3997.340087890625,Actual
2023-02-22,4033.4081698196865,3863.0239047714344,4196.306251717272,4069.5235572883234,-36.11538746863714,3991.050048828125,Actual
2023-02-23,4026.365296362677,3873.2129923506855,4189.152647104171,4072.5543721667705,-46.18907580409343,4012.320068359375,Actual
2023-02-24,4019.0560942909415,3864.3707204168018,4182.020091068499,4075.585187045218,-56.529092754276256,3970.0400390625,Actual
2023-02-27,3996.6061793568265,3830.828352077097,4165.5705521383225,4084.677631680561,-88.07145232373425,3982.239990234375,Actual
2023-02-28,3989.3082595007368,3831.547648668468,4159.0767289269925,4087.708446559008,-98.40018705827096,3970.14990234375,Actual
2023-03-01,3982.2757791090507,3822.9620280164186,4143.9153053273285,4090.739261437456,-108.4634823284055,3951.389892578125,Actual
2023-03-02,3975.603935330331,3808.3026676919953,4135.265852222537,4093.7700763159028,-118.1661409855719,3981.35009765625,Actual
2023-03-03,3969.3797212282175,3803.718296301413,4134.490822831881,4096.800891194351,-127.42116996613312,4045.639892578125,Actual
2023-03-06,3954.108440155315,3786.8458079944744,4116.451662834718,4105.893335829694,-151.78489567437867,4048.419921875,Actual
2023-03-07,3950.3308776526096,3770.4804357355365,4110.202375936642,4108.92415070814,-158.59327305552998,3986.3701171875,Actual
2023-03-08,3947.266914070515,3793.786586439642,4116.200609991406,4111.9549655865885,-164.6880515160734,3992.010009765625,Actual
2023-03-09,3944.930699989772,3773.556348502366,4110.283303047844,4114.9857804650355,-170.05508047526357,3918.320068359375,Actual
2023-03-10,3943.3230529593807,3772.9677571085535,4111.03762679074,4118.016595343483,-174.69354238410173,3861.590087890625,Actual
2023-03-13,3942.691704669529,3780.021675932903,4118.2006893457865,4127.109039978825,-184.41733530929673,3855.760009765625,Actual
2023-03-14,3943.762379736169,3787.048937413878,4104.450003231634,4130.139854857272,-186.37747512110343,3919.2900390625,Actual
2023-03-15,3945.391860584892,3790.544515851449,4118.035532524467,4133.170669735721,-187.7788091508293,3891.929931640625,Actual
2023-03-16,3947.5199925038733,3789.358320418764,4112.299992997271,4136.201484614167,-188.68149211029416,3960.280029296875,Actual
2023-03-17,3950.081556860146,3793.9544298969927,4130.278011212759,4139.232299492616,-189.15074263247004,3916.639892578125,Actual
2023-03-20,3959.6759505938417,3804.5441206649193,4119.30237026146,4148.324744127958,-188.64879353411652,3951.570068359375,Actual
2023-03-21,3963.279777641661,3802.497114821351,4134.008132424404,4151.355559006405,-188.07578136474427,4002.8701171875,Actual
2023-03-22,3966.976585088536,3801.9597648742024,4120.690444092024,4154.386373884853,-187.40978879631697,3936.969970703125,Actual
2023-03-23,3970.706972667079,3797.7959775122695,4126.40810001841,4157.4171887633,-186.7102160962214,3948.719970703125,Actual
2023-03-24,3974.417698369486,3813.715051448569,4145.7889941557405,4160.448003641749,-186.03030527226286,3970.989990234375,Actual
2023-03-27,3985.0117225271692,3828.587801969011,4147.386455226635,4169.540448277091,-184.5287257499216,3977.530029296875,Actual
2023-03-28,3988.2654351145466,3825.160547080625,4144.983872876513,4172.571263155537,-184.30582804099035,3971.27001953125,Actual
2023-03-29,3991.3531628389665,3831.7800045361832,4147.949565715732,4175.602078033986,-184.2489151950194,4027.81005859375,Actual
2023-03-30,3994.271708192693,3836.8858815432222,4168.043813007131,4178.632892912433,-184.36118471974007,4050.830078125,Actual
2023-03-31,3997.026126148595,3829.0470882862173,4152.572220036825,4181.66370779088,-184.637581642285,4109.31005859375,Actual
2023-04-03,4004.0437448734156,3842.6943727312632,4169.970579509213,4190.335441706135,-186.2916968327189,4124.509765625,Actual
2023-04-04,4006.191308631396,3832.881821998081,4169.495045153342,4193.226019677886,-187.03471104649012,4100.60009765625,Actual
2023-04-05,4008.295974993209,3843.0297039809766,4183.730797200861,4196.1165976496395,-187.82062265643063,4090.3798828125,Actual
2023-04-06,4010.393771332984,3852.0480170616456,4157.912160344443,4199.00717562139,-188.61340428840575,4105.02001953125,Actual
2023-04-10,4019.451773350256,3860.663048722433,4191.4346737537335,4210.569487508399,-191.11771415814312,4109.10986328125,Actual
2023-04-11,4022.054806924319,3865.3600864772725,4177.240023900072,4213.46006548015,-191.40525855583056,4108.93994140625,Actual
2023-04-12,4024.851679359118,3860.778451047425,4200.205916804167,4216.350643451902,-191.49896409278443,4091.949951171875,Actual
2023-04-13,4027.8642752863393,3857.9146561787047,4199.36188630222,4219.241221423654,-191.3769461373144,4146.22021484375,Actual
2023-04-14,4031.109437171584,3866.149189973222,4198.786985823301,4222.131799395405,-191.02236222382155,4137.64013671875,Actual
2023-04-17,4042.3287616821326,3890.9425320045816,4212.2464360902095,4230.803533310662,-188.47477162852903,4151.31982421875,Actual
2023-04-18,4046.5661894429263,3883.758785859131,4207.900802628943,4233.694111282412,-187.127921839486,4154.8701171875,Actual
2023-04-19,4051.041634051612,3890.1467843479286,4206.417897149493,4236.584689254165,-185.5430552025528,4154.52001953125,Actual
2023-04-20,4055.7421603945404,3871.4108609723853,4198.037447104706,4239.475267225917,-183.7331068313772,4129.7900390625,Actual
2023-04-21,4060.651392324385,3906.11617971425,4224.51694033983,4242.365845197669,-181.71445287328362,4133.52001953125,Actual
2023-04-24,4076.4316581468493,3911.3920945871796,4242.520310985072,4251.037579112925,-174.60592096607613,4137.0400390625,Actual
2023-04-25,4081.9696568665604,3928.3173877366507,4249.1570883424665,4253.928157084676,-171.95850021811574,4071.6298828125,Actual
2023-04-26,4087.609720978189,3925.2978582518635,4257.425430881068,4256.8187350564285,-169.20901407823908,4055.989990234375,Actual
2023-04-27,4093.3310274256564,3929.772260620575,4265.295960482023,4259.70931302818,-166.37828560252356,4135.35009765625,Actual
2023-04-28,4099.114533375181,3935.6493398156813,4269.928456238875,4262.599890999932,-163.48535762475072,4169.47998046875,Actual
2023-05-01,4116.684431014209,3948.190517522912,4277.423791861966,4271.271624915188,-154.58719390097943,4167.8701171875,Actual
2023-05-02,4122.577216562659,3953.7420898396326,4274.105977945675,4274.16220288694,-151.58498632428135,4119.580078125,Actual
2023-05-03,4128.477136227418,3959.5977477999004,4291.001283820388,4277.052780858691,-148.57564463127335,4090.75,Actual
2023-05-04,4134.381990502306,3968.2451025104974,4300.839374706984,4279.943358830444,-145.5613683281377,4061.219970703125,Actual
2023-05-05,4140.292129542939,3980.5045594005737,4299.234998684646,4282.833936802195,-142.54180725925698,4136.25,Actual
2023-05-08,4158.086489234095,3997.551321690232,4319.747803958987,4291.505670717451,-133.4191814833558,4138.1201171875,Actual
2023-05-09,4164.05558451384,3999.9490204791928,4325.817331934522,4294.396248689203,-130.3406641753635,4119.169921875,Actual
2023-05-10,4170.052187784742,4025.889093833983,4334.525051821474,4297.286826660955,-127.23463887621251,4137.64013671875,Actual
2023-05-11,4176.0803952244205,4010.232177124879,4345.400691672344,4300.177404632707,-124.09700940828708,4130.6201171875,Actual
2023-05-12,4182.142626205716,4008.9075587866437,4346.460697591733,4303.067982604458,-120.92535639874242,4124.080078125,Actual
2023-05-15,4200.520392908723,4031.5452619789185,4371.812192305968,4311.739716519714,-111.21932361099181,4136.27978515625,Actual
2023-05-16,4206.690061988276,4043.1422579702803,4372.759830276479,4314.630294491466,-107.94023250318928,4109.89990234375,Actual
2023-05-17,4212.862812696566,4040.0965947921263,4381.982795980089,4317.5208724632175,-104.65805976665172,4158.77001953125,Actual
2023-05-18,4219.021855702481,4043.194342769306,4391.285886748568,4320.411450434971,-101.38959473248993,4198.0498046875,Actual
2023-05-19,4225.1468634850835,4061.2517321704427,4395.220439566043,4323.302028406722,-98.1551649216385,4191.97998046875,Actual
2023-05-22,4243.0689039909885,4080.497279314222,4427.340003993654,4331.973762321977,-88.90485833098893,4192.6298828125,Actual
2023-05-23,4248.7977469192365,4075.950712100181,4409.243420133692,4334.86434029373,-86.06659337449281,4145.580078125,Actual
2023-05-24,4254.353860021858,4092.7265685800867,4417.478017890879,4337.754918265481,-83.4010582436232,4115.240234375,Actual
2023-05-25,4259.707162859834,4090.0620350309073,4425.913969067377,4340.645496237234,-80.9383333773993,4151.27978515625,Actual
2023-05-26,4264.828945790611,4093.5954872761267,4420.098820717911,4343.536074208984,-78.70712841837268,4205.4501953125,Actual
2023-05-30,4282.531838005357,4118.430158493181,4443.421456513558,4355.098386095993,-72.56654809063657,4205.52001953125,Actual
2023-05-31,4286.18418069066,4125.896974794101,4455.026035267746,4357.988964067744,-71.8047833770841,4179.830078125,Actual
2023-06-01,4289.5170350600165,4118.3622542437515,4459.478577611782,4360.879542039496,-71.36250697948014,4221.02001953125,Actual
2023-06-02,4292.537632965238,4125.221755901853,4446.9684691209795,4363.77012001125,-71.23248704601153,4282.3701171875,Actual
2023-06-05,4290.097100412918,4123.736046645039,4446.670649348456,4362.623936313401,-72.52683590048333,4273.7900390625,Actual
2023-06-06,4288.824240353012,4117.546968001944,4446.0658185909915,4362.241875080786,-73.41763472777315,4283.85009765625,Actual
2023-06-07,4287.391377081912,4122.9351006433435,4462.87158185889,4361.859813848169,-74.46843676625785,4267.52001953125,Actual
2023-06-08,4285.850323213452,4121.505766120682,4445.131085049237,4361.477752615553,-75.62742940210107,4293.93017578125,Actual
2023-06-09,4284.258409942859,4124.552525758887,4439.677772341465,4361.095691382937,-76.83728144007799,4298.85986328125,Actual
2023-06-12,4279.8099891454285,4118.076094898389,4444.4036402465645,4359.949507685089,-80.13951853966073,4338.93017578125,Actual
2023-06-13,4278.657643039692,4110.3302636667,4444.084994831587,4359.567446452473,-80.90980341278082,4369.009765625,Actual
2023-06-14,4277.781402050787,4122.509534350139,4430.967356985568,4359.1853852198565,-81.40398316906968,4372.58984375,Actual
2023-06-15,4277.244715345037,4105.7213812636965,4434.71618474476,4358.80332398724,-81.5586086422037,4425.83984375,Actual
2023-06-16,4277.106842660268,4105.264840578089,4438.739033229661,4358.421262754624,-81.31442009435631,4409.58984375,Actual
2023-06-20,4281.502978950665,4126.097244948708,4440.205366229213,4356.89301782416,-75.39003887349443,4388.7099609375,Actual
2023-06-21,4284.005292672641,4126.973256521755,4449.68722388813,4356.510956591544,-72.50566391890241,4365.68994140625,Actual
2023-06-22,4287.100722316227,4113.969421606661,4456.836493906506,4356.128895358928,-69.02817304270172,4381.89013671875,Actual
2023-06-23,4290.786033149017,4132.983689030016,4456.841814569009,4355.746834126312,-64.96080097729428,4348.330078125,Actual
2023-06-26,4305.179656363781,4136.204525107131,4477.662927517312,4354.600650428463,-49.42099406468213,4328.81982421875,Actual
2023-06-27,4310.968642932196,4140.264193994546,4472.4199621725475,4354.218589195847,-43.24994626365076,4378.41015625,Actual
2023-06-28,4317.167625065942,4144.821510729404,4479.334262947285,4353.836527963232,-36.668902897289826,4376.85986328125,Actual
2023-06-29,4323.712416978789,4169.214691244046,4482.729590317514,4353.454466730615,-29.74204975182635,4396.43994140625,Actual
2023-06-30,4330.532032963019,4171.054642742984,4500.9400580591755,4353.072405497999,-22.540372534980055,4450.3798828125,Actual
2023-07-03,4351.8602805629125,4184.744104830602,4521.843370550672,4351.926221800151,-0.06594123723923322,4455.58984375,Actual
2023-07-05,4365.990134791374,4196.044975674672,4528.424551078217,4351.162099334919,14.828035456454984,4446.81982421875,Actual
2023-07-06,4372.788887155974,4209.6278888707675,4530.012789660555,4350.780038102303,22.00884905367207,4411.58984375,Actual
2023-07-07,4379.31221983305,4202.531959819632,4541.924906743529,4350.397976869686,28.914242963364313,4398.9501953125,Actual
2023-07-10,4396.612825394712,4238.040930602912,4548.571268844663,4349.2517931718385,47.36103222287304,4409.52978515625,Actual
2023-07-11,4401.461394012205,4240.930300660212,4566.549517771536,4348.869731939222,52.59166207298322,4439.259765625,Actual
2023-07-12,4405.795087621124,4234.190810223632,4571.46075213928,4348.487670706606,57.30741691451849,4472.16015625,Actual
2023-07-13,4409.596874746638,4243.313890418492,4568.036416913783,4348.10560947399,61.491265272647716,4510.0400390625,Actual
2023-07-14,4412.8610229491205,4246.838334311039,4572.8729633488,4347.723548241374,65.13747470774608,4505.419921875,Actual
2023-07-17,4419.535741969661,4264.109460864366,4582.013726608156,4346.577364543526,72.95837742613527,4522.7900390625,Actual
2023-07-18,4420.808798591771,4245.879424331551,4580.611272750835,4346.195303310909,74.61349528086136,4554.97998046875,Actual
2023-07-19,4421.672292727766,4259.867256839791,4589.068152519498,4345.813242078293,75.85905064947258,4565.72021484375,Actual
2023-07-20,4422.177251651455,4263.797471137155,4596.72965568454,4345.431180845678,76.74607080577687,4534.8701171875,Actual
2023-07-21,4422.380268290806,4262.182561574499,4572.587748303726,4345.0491196130615,77.3311486777447,4536.33984375,Actual
2023-07-24,4421.79460138093,4265.553742263013,4574.096326643117,4343.902935915213,77.89166546571651,4554.64013671875,Actual
2023-07-25,4421.412528033749,4252.060222217844,4593.735881516844,4343.5208746825965,77.89165335115302,4567.4599609375,Actual
2023-07-26,4421.039998411216,4251.814364037979,4589.0739746965055,4343.138813449981,77.90118496123544,4566.75,Actual
2023-07-27,4420.733969750923,4249.311569350689,4583.531745887976,4342.756752217365,77.97721753355795,4537.41015625,Actual
2023-07-28,4420.54626068461,4264.023021439365,4587.4518470375515,4342.374690984749,78.1715696998613,4582.22998046875,Actual
2023-07-31,4421.110957557605,4261.890705068062,4592.529762741254,4341.2285072869,79.88245027070501,4588.9599609375,Actual
2023-08-01,4421.775153483027,4260.089614192817,4588.850741047968,4340.846446054285,80.92870742874214,4576.72998046875,Actual
2023-08-02,4422.705818740387,4263.818824465141,4587.870289851471,4340.464384821668,82.2414339187188,4513.39013671875,Actual
2023-08-03,4423.906660401721,4267.195298453791,4587.697964675274,4340.082323589052,83.82433681266825,4501.89013671875,Actual
2023-08-04,4425.372589517391,4248.9633732522225,4584.09203397675,4339.700262356436,85.67232716095492,4478.02978515625,Actual
2023-08-07,4431.187792598415,4268.216122542005,4585.772220437118,4338.55407382163,92.63371877678539,4518.43994140625,Actual
2023-08-08,4433.505296719183,4273.746442904961,4586.6314885786705,4338.172010976695,95.33328574248816,4499.3798828125,Actual
2023-08-09,4435.951130471695,4286.707879484135,4608.942435161922,4337.78994813176,98.1611823399349,4467.7099609375,Actual
2023-08-10,4438.482167178053,4278.2705773885245,4595.72914256128,4337.407885286824,101.07428189122841,4468.830078125,Actual
2023-08-11,4441.0527226665345,4285.7183994220495,4611.432475639262,4337.025822441889,104.0269002246446,4464.0498046875,Actual
2023-08-14,4448.5327662811615,4278.158775437434,4600.689069838337,4335.879633907084,112.65313237407727,4489.72021484375,Actual
2023-08-15,4450.797236935071,4289.231660974296,4612.297396891392,4335.497571062148,115.29966587292263,4437.85986328125,Actual
2023-08-16,4452.877651549887,4302.244907394762,4610.734077718694,4335.115508217214,117.76214333267272,4404.330078125,Actual
2023-08-17,4454.7380172063295,4293.378210649149,4616.138918528622,4334.733445372278,120.00457183405193,4370.35986328125,Actual
2023-08-18,4456.347291202867,4299.982447093575,4620.165683923346,4334.351382527343,121.99590867552455,4369.7099609375,Actual
2023-08-21,4459.442918469658,4290.118225741233,4625.438039092862,4333.205193992538,126.23772447712072,4399.77001953125,Actual
2023-08-22,4459.852229112327,4290.751622656595,4626.466157935343,4332.823131147602,127.0290979647248,4387.5498046875,Actual
2023-08-23,4459.942725804591,4283.806714977337,4620.864578814165,4332.441068302667,127.5016575019231,4436.009765625,Actual
2023-08-24,4459.71844092633,4284.688716953542,4631.397656573455,4332.059005457732,127.65943546859764,4376.31005859375,Actual
2023-08-25,4459.188487248732,4296.61794387033,4626.15888701144,4331.676942612797,127.51154463593487,4405.7099609375,Actual
2023-08-28,4455.918087507053,4293.0515846163025,4627.689943633107,4330.530754077991,125.38733342906237,4433.31005859375,Actual
2023-08-29,4454.334246769391,4289.160471428279,4620.8982355125045,4330.148691233056,124.18555553633547,4497.6298828125,Actual
2023-08-30,4452.541458201347,4277.986323309788,4613.047940724909,4329.766628388121,122.77482981322605,4514.8701171875,Actual
2023-08-31,4450.563430483916,4286.405229595812,4612.403070102341,4329.384565543186,121.17886494073034,4507.66015625,Actual
2023-09-01,4448.423332811955,4288.6221317287245,4615.0984173714105,4329.00250269825,119.4208301137052,4515.77001953125,Actual
2023-09-05,4438.646512161765,4276.403331715327,4603.367012920628,4327.474251318509,111.1722608432553,4496.830078125,Actual
2023-09-06,4435.976696631402,4270.919163946129,4607.571037980703,4327.0921884735735,108.88450815782817,4465.47998046875,Actual
2023-09-07,4433.23699497795,4267.03316595512,4599.8932713354525,4326.710125628639,106.5268693493115,4451.14013671875,Actual
2023-09-08,4430.4316720591305,4259.894937537397,4588.447495330982,4326.328062783704,104.1036092754266,4457.490234375,Actual
2023-09-11,4421.6179231794285,4270.031086077613,4593.992888792578,4325.181874248898,96.43604893053049,4487.4599609375,Actual
2023-09-12,4418.533207758421,4252.1787951604165,4585.1482637464405,4324.799811403963,93.73339635445745,4461.89990234375,Actual
2023-09-13,4415.363456513365,4256.896210822706,4590.352606655965,4324.417748559028,90.94570795433764,4467.43994140625,Actual
2023-09-14,4412.100354454384,4244.365396295663,4589.892353451584,4324.035685714092,88.06466874029161,4505.10009765625,Actual
2023-09-15,4408.735731965489,4247.927879558128,4573.01883611682,4323.6536228691575,85.08210909633178,4450.31982421875,Actual
2023-09-18,4397.969331870322,4222.03931432148,4558.711153867113,4322.507434334352,75.46189753596965,4453.52978515625,Actual
2023-09-19,4394.146435978957,4238.752811774105,4563.006709828094,4322.1253714894165,72.02106448954015,4443.9501953125,Actual
2023-09-20,4390.209421917005,4235.441873560475,4545.184488653601,4321.743308644482,68.46611327252319,4402.2001953125,Actual
2023-09-21,4386.165892840207,4210.24436436117,4547.530464489827,4321.361245799546,64.8046470406611,4330.0,Actual
2023-09-22,4382.027870135748,4229.912600670641,4556.523727725316,4320.979182954611,61.04868718113753,4320.06005859375,Actual
2023-09-25,4369.236205055692,4201.582952081606,4531.444069588479,4319.832994419806,49.40321063588616,4337.43994140625,Actual
2023-09-26,4364.93214362388,4194.888796869902,4524.889545865176,4319.45093157487,45.481212049009386,4273.52978515625,Actual
2023-09-27,4360.661163074943,4181.987925863514,4535.374390002926,4319.068868729935,41.592294345007645,4274.509765625,Actual
2023-09-28,4356.460362140732,4196.370555492912,4516.6594433677255,4318.6868058850005,37.77355625573137,4299.7001953125,Actual
2023-09-29,4352.369391995179,4189.490392113401,4521.528897516104,4318.304743040065,34.06464895511495,4288.0498046875,Actual
2023-10-02,4341.17285001119,4161.450032441828,4501.65560622788,4317.1585545052585,24.0142955059318,4288.39013671875,Actual
2023-10-03,4337.939083583799,4176.362563046608,4491.011271974967,4316.776491660324,21.162591923475603,4229.4501953125,Actual
2023-10-04,4335.021186952632,4171.340757206313,4497.008397445581,4316.394428815388,18.626758137244025,4263.75,Actual
2023-10-05,4332.455230297521,4163.929674952857,4486.251084599324,4316.012365970453,16.442864327067177,4258.18994140625,Actual
2023-10-06,4330.273376778075,4181.2535732197475,4496.731994272049,4315.6303031255175,14.643073652556884,4308.5,Actual
2023-10-09,4337.552881481472,4169.887052141228,4504.1102890792245,4325.758063096455,11.794818385016343,4335.66015625,Actual
2023-10-10,4340.882465629271,4189.871422175938,4508.089483217779,4329.133983086767,11.748482542503274,4358.240234375,Actual
2023-10-11,4344.6736763225135,4172.31418114398,4508.544836262492,4332.50990307708,12.163773245434093,4376.9501953125,Actual
2023-10-12,4348.922325598241,4186.474777534563,4518.862952754273,4335.885823067392,13.036502530848002,4349.60986328125,Actual
2023-10-13,4353.617399371404,4190.5737124083125,4508.853640522624,4339.261743057704,14.355656313700297,4327.77978515625,Actual
2023-10-16,4370.174629053165,4215.5196183677,4529.878406798235,4349.389503028641,20.785126024523063,4373.6298828125,Actual
2023-10-17,4376.42022373552,4211.136854242932,4547.38994491021,4352.765423018954,23.65480071656626,4373.2001953125,Actual
2023-10-18,4382.968426300724,4217.619274713931,4544.434537356566,4356.141343009266,26.827083291458102,4314.60009765625,Actual
2023-10-19,4389.777475269427,4228.992722978307,4555.263313009724,4359.517262999578,30.260212269849198,4278.0,Actual
2023-10-20,4396.8033736313955,4241.205289671944,4569.645214229943,4362.89318298989,33.910190641505295,4224.16015625,Actual
2023-10-23,4418.730367782863,4252.383500329505,4584.231773843104,4373.020942960828,45.70942482203541,4217.0400390625,Actual
2023-10-24,4426.1751383653445,4269.396832708057,4589.593323985159,4376.39686295114,49.778275414204515,4247.68017578125,Actual
2023-10-25,4433.619188816058,4275.883499713659,4600.384953526641,4379.7727829414525,53.846405874605466,4186.77001953125,Actual
2023-10-26,4441.026231209238,4286.838792653152,4588.738818503355,4383.148702931764,57.877528277474376,4137.22998046875,Actual
2023-10-27,4448.364255740259,4288.673514350305,4613.122752621109,4386.524622922077,61.839632818182224,4117.3701171875,Actual
2023-10-30,4469.718867801928,4310.708249249993,4636.776714712689,4396.652382893014,73.06648490891413,4166.81982421875,Actual
2023-10-31,4476.562416721695,4316.071311470209,4641.826914105369,4400.028302883326,76.53411383836867,4193.7998046875,Actual
2023-11-01,4483.254931852252,4323.098621137928,4638.138592729817,4403.404222873639,79.85070897861371,4237.85986328125,Actual
2023-11-02,4489.796088803754,4325.863685109513,4639.234601435324,4406.7801428639505,83.01594593980337,4317.77978515625,Actual
2023-11-03,4496.190314056018,4333.350050528943,4655.068771632219,4410.156062854263,86.03425120175478,4358.33984375,Actual
2023-11-06,4514.594369410808,4355.751950209428,4681.912354007504,4420.283822825199,94.31054658560868,4365.97998046875,Actual
2023-11-07,4520.518222151967,4354.08721742559,4688.706369904035,4423.659742815513,96.85847933645431,4378.3798828125,Actual
2023-11-08,4526.365261839225,4361.387050735376,4686.406345300043,4427.035662805824,99.32959903340094,4382.77978515625,Actual
2023-11-09,4532.153322041097,4375.786785393069,4689.820566600408,4430.411582796137,101.74173924496084,4347.35009765625,Actual
2023-11-10,4537.8994266911,4366.912760796944,4701.905045380892,4433.787502786448,104.11192390465165,4415.240234375,Actual
2023-11-13,4555.026713198501,4394.916586257927,4735.117125943268,4443.915262757387,111.11145044111403,4411.5498046875,Actual
2023-11-14,4560.730842982968,4396.717639511573,4734.462790323067,4447.291182747698,113.43966023526991,4495.7001953125,Actual
2023-11-15,4566.439102665723,4408.962901868323,4727.391304454164,4450.667102738012,115.77199992771186,4502.8798828125,Actual
2023-11-16,4572.149008568982,4420.842892955416,4740.389217508984,4454.043022728322,118.10598584065997,4508.240234375,Actual
2023-11-17,4577.853524132425,4417.638069731929,4744.108924866493,4457.418942718636,120.43458141378966,4514.02001953125,Actual
2023-11-20,4594.797944040105,4426.3450265650445,4757.97671397416,4467.546702689572,127.25124135053294,4547.3798828125,Actual
2023-11-21,4600.324075368562,4433.566696066874,4777.012429905709,4470.9226226798855,129.40145268867633,4538.18994140625,Actual
2023-11-22,4605.748098208335,4458.000397917257,4780.692046211956,4474.298542670197,131.44955553813836,4556.6201171875,Actual
2023-11-24,4616.175571361837,4450.324597094126,4787.603557127503,4481.050382650821,135.12518871101554,4559.33984375,Actual
2023-11-27,4630.322304092436,4478.515458490069,4793.521027327293,4491.178142621759,139.14416147067666,4550.43017578125,Actual
2023-11-28,4634.527488919928,4466.128893395777,4797.6945642758055,4494.554062612071,139.9734263078574,4554.89013671875,Actual
2023-11-29,4638.437658661095,4480.011904904487,4799.739166663456,4497.929982602384,140.50767605871104,4550.580078125,Actual
2023-11-30,4642.034380352729,4479.228399524719,4791.466302087698,4501.305902592695,140.72847776003476,4567.7998046875,Actual
2023-12-01,4645.303819289055,4486.195879914869,4810.760411487026,4504.681822583008,140.62199670604738,4594.6298828125,Actual
2023-12-04,4653.0889857267775,4501.590348122759,4819.708267837567,4514.809582553945,138.27940317283222,4569.77978515625,Actual
2023-12-05,4655.018010743723,4496.2729340120395,4824.366231838313,4518.185502544258,136.83250819946406,4567.18017578125,Actual
2023-12-06,4656.632445926824,4503.59957289566,4826.971868061085,4521.56142253457,135.07102339225466,4549.33984375,Actual
2023-12-07,4657.951519300288,4502.457940747596,4818.470515139133,4524.937342524881,133.0141767754065,4585.58984375,Actual
2023-12-08,4662.2948989903025,4509.249303602565,4827.706714156984,4531.608812729909,130.68608626039344,4604.3701171875,Actual
2023-12-11,4673.998583249779,4516.688147079824,4849.941393862461,4551.623223344991,122.37535990478774,4622.43994140625,Actual
2023-12-12,4677.572333193454,4516.374273292628,4846.025995555662,4558.294693550019,119.2776396434355,4643.7001953125,Actual
2023-12-13,4681.043642851215,4526.6935832783865,4850.168280156133,4564.966163755047,116.07747909616793,4707.08984375,Actual
2023-12-14,4684.449603359613,4523.521322887175,4841.90819291731,4571.637633960073,112.81196939954,4719.5498046875,Actual
2023-12-15,4687.826115341029,4514.11522085271,4850.546894330984,4578.3091041651005,109.51701117592847,4719.18994140625,Actual
2023-12-18,4698.100439118662,4529.680081152305,4852.499926736681,4598.323514780183,99.77692433847868,4740.56005859375,Actual
2023-12-19,4701.662355694949,4538.212807673701,4862.255888741517,4604.994984985211,96.66737070973777,4768.3701171875,Actual
2023-12-20,4705.325808449286,4538.2842415772275,4877.103050582543,4611.666455190237,93.65935325904948,4698.35009765625,Actual
2023-12-21,4709.102701483969,4557.873883656931,4873.8135834998775,4618.337925395267,90.76477608870199,4746.75,Actual
2023-12-22,4712.999342183999,4535.334803736953,4885.27571624159,4625.009395600293,87.9899465837062,4754.6298828125,Actual
2023-12-26,4729.718466394777,4562.964313250472,4880.316183923068,4651.695276420403,78.02318997437418,4774.75,Actual
2023-12-27,4734.122387946243,4569.628242435523,4891.258664701775,4658.366746625431,75.75564132081173,4781.580078125,Actual
2023-12-28,4738.578648220928,4569.979181929858,4907.543042491367,4665.038216830457,73.54043139047113,4783.35009765625,Actual
2023-12-29,4743.064016029134,4573.007462203644,4895.921957388657,4671.709687035485,71.35432899364842,4769.830078125,Actual
2024-01-02,4760.817735591756,4598.600989014788,4911.787500135639,4698.395567855595,62.42216773616091,4742.830078125,Actual
2024-01-03,4765.101003264856,4604.817125132356,4926.406789524691,4705.067038060623,60.033965204232686,4704.81005859375,Actual
2024-01-04,4769.289283730058,4613.79960861715,4933.166888221204,4711.738508265651,57.55077546440651,4688.68017578125,Actual
2024-01-05,4773.373860688121,4590.150800346091,4945.647230296675,4718.409978470677,54.96388221744406,4697.240234375,Actual
2024-01-08,4785.004810133798,4623.637239912617,4938.6232950934955,4738.424389085761,46.58042104803759,4763.5400390625,Actual
2024-01-09,4788.705346231925,4623.2055543638435,4958.898146062533,4745.095859290787,43.60948694113812,4756.5,Actual
2024-01-10,4792.3491691329955,4631.508917350605,4948.224359137811,4751.767329495815,40.58183963718055,4783.4501953125,Actual
2024-01-11,4795.9643005133685,4624.827743428704,4954.772098930661,4758.438799700842,37.52550081252655,4780.240234375,Actual
2024-01-12,4799.5841339061,4636.377976709825,4962.552999239925,4765.110269905871,34.47386400022916,4783.830078125,Actual
2024-01-16,4814.917530885503,4650.943031560465,4973.818986091125,4791.79615072598,23.121380159522957,4765.97998046875,Actual
2024-01-17,4819.185244723042,4646.253947936669,4965.591616635343,4798.467620931007,20.717623792035123,4739.2099609375,Actual
2024-01-18,4823.7153485994095,4668.782018391254,4989.394917928025,4805.139091136035,18.57625746337423,4780.93994140625,Actual
2024-01-19,4828.548338327839,4665.637039349549,5004.087394618953,4811.810561341062,16.737776986777554,4839.81005859375,Actual
2024-01-22,4845.19380368854,4681.421245826158,5007.88803673469,4831.824971956145,13.368831732394735,4850.43017578125,Actual
2024-01-23,4851.533064869196,4681.7749779755395,5018.794286311049,4838.496442161171,13.036622708024666,4864.60009765625,Actual
2024-01-24,4858.284154151327,4693.18592920314,5015.77423299538,4845.1679123662,13.11624178512696,4868.5498046875,Actual
2024-01-25,4865.442346611165,4703.904498778442,5027.321498001252,4851.839382571227,13.602964039937008,4894.16015625,Actual
2024-01-26,4872.992356125743,4686.067858069005,5036.015415147939,4858.510852776255,14.481503349487557,4890.97021484375,Actual
2024-01-29,4897.678512285274,4731.2991115293125,5063.245634092453,4878.525263391336,19.15324889393826,4927.93017578125,Actual
2024-01-30,4906.428475869401,4741.418068815917,5073.806944973457,4885.196733596365,21.23174227303527,4924.97021484375,Actual
2024-01-31,4915.336086666433,4757.364965464798,5074.078851849882,4891.868203801391,23.467882865042174,4845.64990234375,Actual
2024-02-01,4924.326989458401,4760.782670270507,5106.53297652834,4898.53967400642,25.78731545198139,4906.18994140625,Actual
2024-02-02,4933.320232350697,4765.252128600669,5081.947560887374,4905.211144211446,28.109088139251,4958.60986328125,Actual
2024-02-05,4959.439529907178,4792.9542113190255,5136.084060319673,4925.225554826529,34.21397508064938,4942.81005859375,Actual
2024-02-06,4967.55874500273,4802.694617404273,5131.331947871419,4931.897025031556,35.66171997117399,4954.22998046875,Actual
2024-02-07,4975.236498530241,4809.9065525337355,5120.855607505988,4938.568495236584,36.66800329365782,4995.06005859375,Actual
2024-02-08,4982.389669858167,4823.5913198234575,5138.979685837358,4945.239965441611,37.14970441655501,4997.91015625,Actual
2024-02-09,4988.941598424935,4832.444838752569,5147.389144862239,4951.91143564664,37.03016277829541,5026.60986328125,Actual
2024-02-12,5001.134248494823,4830.105678160397,5160.4183360952175,4968.702586091415,32.4316624034084,5021.83984375,Actual
2024-02-13,5003.62986761135,4832.574744183804,5163.920930620914,4974.299636239675,29.330231371674877,4953.169921875,Actual
2024-02-14,5005.295604064497,4828.266757070835,5165.83402966892,4979.896686387934,25.398917676562625,5000.6201171875,Actual
2024-02-15,5006.125181395004,4853.920973201924,5176.4009216644,4985.493736536194,20.63144485880978,5029.72998046875,Actual
2024-02-16,5006.127028933871,4835.982168846962,5168.0982391612515,4991.090786684453,15.036242249417706,5005.56982421875,Actual
2024-02-20,4998.533414119752,4832.747562980068,5164.881425688552,5013.478987277488,-14.945573157736284,4975.509765625,Actual
2024-02-21,4995.022235354032,4826.566759572453,5153.414285037033,5019.076037425747,-24.05380207171507,4981.7998046875,Actual
2024-02-22,4991.022346539962,4835.675981943766,5152.952777654334,5024.673087574005,-33.65074103404295,5087.02978515625,Actual
2024-02-23,4986.628552142092,4816.721343399566,5154.893378520034,5030.270137722266,-43.64158558017301,5088.7998046875,Actual
2024-02-26,4972.1187626795945,4811.4328103868465,5144.196691822638,5047.061288167041,-74.94252548744694,5069.52978515625,Actual
2024-02-27,4967.198749919343,4799.877609655671,5123.8462265753715,5052.658338315301,-85.45958839595824,5078.18017578125,Actual
2024-02-28,4962.416374367084,4789.93179504649,5120.304546286804,5058.25538846356,-95.83901409647534,5069.759765625,Actual
2024-02-29,4957.874561879283,4793.661764636572,5135.460234425201,5063.852438611819,-105.97787673253633,5096.27001953125,Actual
2024-03-01,4953.670289525974,4785.1038025707885,5101.685129258702,5069.449488760077,-115.77919923410235,5137.080078125,Actual
2024-03-04,4943.926298255314,4790.305684473458,5108.718938031181,5086.240639204856,-142.31434094954255,5130.9501953125,Actual
2024-03-05,4941.863442717191,4769.553054849883,5111.504461323194,5091.837689353115,-149.97424663592403,5078.64990234375,Actual
2024-03-06,4940.477510412296,4777.589920105698,5113.156488945707,5097.434739501373,-156.9572290890762,5104.759765625,Actual
2024-03-07,4939.799528691212,4790.702179640795,5102.122283437763,5103.031789649632,-163.23226095841997,5157.35986328125,Actual
2024-03-08,4939.847020933104,4770.354807933327,5092.201979143417,5108.6288397978915,-168.78181886478683,5123.68994140625,Actual
2024-03-11,4944.319201062037,4796.638416276238,5107.396194463932,5125.419990242667,-181.1007891806305,5117.93994140625,Actual
2024-03-12,4947.183481486204,4783.647635699325,5114.933739799356,5131.017040390928,-183.8335589047236,5175.27001953125,Actual
2024-03-13,4950.672048568493,4772.047463040751,5113.998066439104,5136.614090539186,-185.94204197069308,5165.31005859375,Actual
2024-03-14,4954.733466742287,4792.155468552483,5110.241477893446,5142.211140687445,-187.47767394515708,5150.47998046875,Actual
2024-03-15,4959.309117536697,4793.424381968961,5124.687396403941,5147.8081908357035,-188.4990732990064,5117.08984375,Actual
2024-03-18,4975.463386223175,4817.908992676216,5134.375378234304,5164.599341280482,-189.13595505730694,5149.419921875,Actual
2024-03-19,4981.426322428801,4823.646233125645,5150.867569277806,5170.196391428739,-188.77006899993796,5178.509765625,Actual
2024-03-20,4987.56325143112,4820.982342089842,5158.060534055972,5175.793441577,-188.23019014587928,5224.6201171875,Actual
2024-03-21,4993.80883278325,4827.829800013103,5149.834831150424,5181.390491725258,-187.58165894200727,5241.52978515625,Actual
2024-03-22,5000.10231178653,4832.312044608668,5167.775890061223,5186.987541873518,-186.88523008698854,5234.18017578125,Actual
2024-03-25,5018.756859352386,4836.464076772912,5172.4986461917115,5203.778692318294,-185.02183296590795,5218.18994140625,Actual
2024-03-26,5024.766554084083,4859.265612434935,5193.874975020019,5209.375742466554,-184.60918838247122,5203.580078125,Actual
2024-03-27,5030.6264880384315,4849.787556181218,5191.656834078514,5214.9727926148125,-184.34630457638065,5248.490234375,Actual
2024-03-28,5036.322580355193,4866.658238700667,5192.840260468218,5220.5698427630705,-184.24726240787714,5254.35009765625,Actual
2024-04-01,5057.483830617919,4898.289866773696,5219.7815011630155,5242.958043356107,-185.47421273818745,5243.77001953125,Actual
2024-04-02,5062.438433142182,4894.2695507653025,5227.85981878043,5248.555093504365,-186.11666036218352,5205.81005859375,Actual
2024-04-03,5067.308572623136,4904.864993095301,5237.974015494187,5254.152143652625,-186.84357102948954,5211.490234375,Actual
2024-04-04,5072.127129257112,4905.420386296451,5218.418588332612,5259.749193800884,-187.62206454377218,5147.2099609375,Actual
2024-04-05,5076.929654718494,4908.335601727555,5239.523766255166,5265.346243949144,-188.41658923065037,5204.33984375,Actual
2024-04-08,5091.610970534222,4929.702442270815,5254.520321252147,5282.13739439392,-190.5264238596978,5202.39013671875,Actual
2024-04-09,5096.715893645745,4935.783701045498,5266.652464913953,5287.7344445421795,-191.01855089643422,5209.91015625,Actual
2024-04-10,5101.980909831388,4929.733100717574,5261.930901812199,5293.331494690438,-191.3505848590505,5160.64013671875,Actual
2024-04-11,5107.4335545709455,4928.488655143732,5263.680041107235,5298.928544838697,-191.49499026775166,5199.06005859375,Actual
2024-04-12,5113.0969098807855,4943.817477776556,5270.1249362739745,5304.525594986955,-191.42868510616958,5123.41015625,Actual
2024-04-15,5131.5061608238775,4967.350986311969,5307.831777958219,5321.3167454317345,-189.81058460785707,5061.81982421875,Actual
2024-04-16,5134.217613576558,4967.167735860602,5295.300851753984,5322.99077299316,-188.77315941660297,5051.41015625,Actual
2024-04-17,5137.17743221741,4969.366523011407,5296.672367092573,5324.664800554586,-187.48736833717638,5022.2099609375,Actual
2024-04-18,5140.377885422338,4986.307061378035,5299.088668865506,5326.338828116011,-185.96094269367273,5011.1201171875,Actual
2024-04-19,5143.807003749879,4983.304626512014,5312.41071936085,5328.012855677437,-184.2058519275575,4967.22998046875,Actual
2024-04-22,5155.296815185632,5001.261800653717,5315.083353091812,5333.034938361714,-177.7381231760822,5010.60009765625,Actual
2024-04-23,5159.459697946005,4994.193368884875,5318.2208498828595,5334.70896592314,-175.2492679771351,5070.5498046875,Actual
2024-04-24,5163.7522253915595,5001.43845306778,5325.6278871194945,5336.382993484565,-172.63076809300603,5071.6298828125,Actual
2024-04-25,5168.152231563894,5000.456287590962,5333.937626179363,5338.057021045991,-169.90478948209707,5048.419921875,Actual
2024-04-26,5172.638541481552,5020.73914878924,5340.08856278711,5339.731048607417,-167.09250712586447,5099.9599609375,Actual
2024-04-29,5186.431192304996,5012.719934556927,5337.604840096198,5344.7531312916935,-158.32193898669757,5116.169921875,Actual
2024-04-30,5191.091054039823,5027.656390802956,5347.490045201548,5346.427158853119,-155.3361048132968,5035.68994140625,Actual
2024-05-01,5195.764832586363,5026.868922389852,5347.001223163096,5348.101186414546,-152.33635382818278,5018.39013671875,Actual
2024-05-02,5200.446731722502,5030.140814704644,5369.957648235992,5349.775213975971,-149.3284822534694,5064.2001953125,Actual
2024-05-03,5205.133862373126,5038.127346439612,5378.957249816894,5351.449241537397,-146.31537916427035,5127.7900390625,Actual
2024-05-06,5219.234846341643,5055.113946256796,5394.919070325618,5356.471324221674,-137.23647788003066,5180.740234375,Actual
2024-05-07,5223.960252382962,5047.384446417701,5388.719063964024,5358.1453517831,-134.185099400138,5187.7001953125,Actual
2024-05-08,5228.706694569359,5073.739086081382,5406.743964108016,5359.819379344525,-131.11268477516674,5187.669921875,Actual
2024-05-09,5233.479435082811,5072.8616826092375,5400.127418744847,5361.493406905951,-128.01397182314025,5214.080078125,Actual
2024-05-10,5238.2828879129065,5081.244451484204,5411.783738181699,5363.167434467377,-124.88454655446962,5222.68017578125,Actual
2024-05-13,5252.8952685064105,5098.0022422148795,5401.5012821809705,5368.189517151654,-115.29424864524378,5221.419921875,Actual
2024-05-14,5257.826546629817,5088.91160729733,5420.633378976183,5369.86354471308,-112.0369980832632,5246.68017578125,Actual
2024-05-15,5262.776702819003,5102.872482658865,5431.537976564285,5371.537572274506,-108.7608694555027,5308.14990234375,Actual
2024-05-16,5267.733563960013,5099.276305608936,5432.640485871084,5373.211599835931,-105.4780358759178,5297.10009765625,Actual
2024-05-17,5272.681255052164,5108.547090995643,5436.895497779017,5374.885627397357,-102.2043723451934,5303.27001953125,Actual
2024-05-20,5287.258472693538,5122.791696757427,5465.033118216528,5379.907710081634,-92.64923738809514,5308.1298828125,Actual
2024-05-21,5291.943898360021,5133.991945451444,5454.216072805214,5381.5817376430605,-89.63783928303899,5321.41015625,Actual
2024-05-22,5296.494608320508,5132.394457867551,5456.625349279415,5383.255765204485,-86.76115688397768,5307.009765625,Actual
2024-05-23,5300.8802047861855,5153.389599542401,5468.34574396429,5384.929792765912,-84.04958797972633,5267.83984375,Actual
2024-05-24,5305.0704222883915,5149.37790164009,5471.648538762578,5386.603820327337,-81.53339803894625,5304.72021484375,Actual
2024-05-28,5319.332783326712,5158.57129012786,5485.494752376541,5393.29993057304,-73.96714724632747,5306.0400390625,Actual
2024-05-29,5322.16691100674,5158.919407587039,5485.4004455556715,5394.973958134466,-72.80704712772592,5266.9501953125,Actual
2024-05-30,5324.682829976569,5156.007692602985,5479.838709889915,5396.647985695891,-71.96515571932218,5235.47998046875,Actual
2024-05-31,5326.8786238667335,5156.880354881709,5500.51587557988,5398.322013257317,-71.44338939058365,5277.509765625,Actual
2024-06-03,5331.63725495478,5167.866511783268,5496.965454587854,5403.344095941595,-71.70684098681565,5283.39990234375,Actual
2024-06-04,5332.68351461616,5166.245294113949,5493.968413151299,5405.01812350302,-72.3346088868606,5291.33984375,Actual
2024-06-05,5333.514105475351,5160.9170705254355,5492.939062084235,5406.692151064446,-73.17804558909518,5354.02978515625,Actual
2024-06-06,5334.172711010467,5172.90651979551,5492.688313340532,5408.366178625872,-74.19346761540474,5352.9599609375,Actual
2024-06-07,5334.709617336957,5170.738940916453,5492.445950346002,5410.040206187297,-75.33058885034028,5346.990234375,Actual
2024-06-10,5336.17304872345,5188.454572963562,5499.562863215343,5415.062288871574,-78.88924014812424,5360.7900390625,Actual
2024-06-11,5336.824799244853,5176.101328371813,5508.033239272386,5416.736316433,-79.9115171881468,5375.31982421875,Actual
2024-06-12,5337.669775855664,5181.802562239972,5498.119861610028,5418.410343994426,-80.74056813876209,5421.02978515625,Actual
2024-06-13,5338.774518579472,5178.293050734621,5496.827243768882,5420.084371555851,-81.30985297637933,5433.740234375,Actual
2024-06-14,5340.203287206117,5164.285139115167,5512.61308836706,5421.758399117277,-81.5551119111599,5431.60009765625,Actual
2024-06-17,5347.010345332507,5182.3864635732725,5515.279207187261,5426.780483415653,-79.77013808314597,5473.22998046875,Actual
2024-06-18,5350.279869296536,5180.014581203347,5521.732548645617,5428.454511515112,-78.1746422185759,5487.02978515625,Actual
2024-06-20,5358.520327742551,5206.228962230136,5528.9102754205005,5431.80256771403,-73.28223997147981,5473.169921875,Actual
2024-06-21,5363.523428393765,5194.992031098716,5524.95642354213,5433.476595813489,-69.95316741972456,5464.6201171875,Actual
2024-06-24,5382.0249634031825,5224.89674377287,5542.338981438309,5438.498680111865,-56.473716708682204,5447.8701171875,Actual
2024-06-25,5389.279778788869,5221.50256831002,5565.890478110203,5440.172708211325,-50.89292942245566,5469.2998046875,Actual
2024-06-26,5397.013252936309,5228.123539237817,5568.558385668836,5441.846736310784,-44.833483374474426,5477.89990234375,Actual
2024-06-27,5405.171546668256,5239.054811565041,5582.312221827642,5443.520764410242,-38.34921774198614,5482.8701171875,Actual
2024-06-28,5413.692389170431,5249.669072626923,5573.726623860222,5445.194792509701,-31.502403339269787,5460.47998046875,Actual
2024-07-01,5440.709151606414,5279.273540403033,5612.054353738036,5450.216876808077,-9.507725201663254,5475.08984375,Actual
2024-07-02,5449.937172642894,5293.130483569857,5613.674621823987,5451.890904907537,-1.9537322646429212,5509.009765625,Actual
2024-07-03,5459.140184306181,5303.046734572566,5620.256839812319,5453.564933006995,5.575251299187078,5537.02001953125,Actual
2024-07-05,5477.149733584847,5307.594700641598,5635.011800951729,5456.912989205913,20.2367443789341,5567.18994140625,Actual
2024-07-08,5502.077703658705,5345.482531220414,5663.5899737713235,5461.93507350429,40.14263015441538,5572.85009765625,Actual
2024-07-09,5509.585087899552,5348.9475606886635,5665.511083439616,5463.609101603748,45.97598629580331,5576.97998046875,Actual
2024-07-10,5516.6144915646955,5355.223023315862,5681.537632506095,5465.283129703207,51.33136186148807,5633.91015625,Actual
2024-07-11,5523.135029708875,5366.946379789793,5683.209362610439,5466.957157802666,56.17787190620817,5584.5400390625,Actual
2024-07-12,5529.126861892006,5362.360930528798,5697.100903510601,5468.631185902125,60.495675989880766,5615.35009765625,Actual
2024-07-15,5543.900467834323,5392.249997374202,5704.386414755637,5473.6532702005015,70.24719763382126,5631.22021484375,Actual
2024-07-16,5547.80256814809,5396.409855168768,5723.679134615892,5475.327298299961,72.47526984812983,5667.2001953125,Actual
2024-07-17,5551.241288904727,5376.948155749204,5712.773114086038,5477.001326399419,74.23996250530823,5588.27001953125,Actual
2024-07-18,5554.258728681187,5398.703975815357,5716.733765910264,5478.675354498878,75.58337418230856,5544.58984375,Actual
2024-07-19,5556.9042972138495,5402.705891373742,5723.200210169002,5480.349382598336,76.55491461551317,5505.0,Actual
2024-07-22,5563.183752364556,5409.115854616872,5735.828076286797,5485.371466896714,77.81228546784183,5564.41015625,Actual
2024-07-23,5564.931597101314,5405.856743956447,5740.527162892018,5487.045494996172,77.88610210514119,5555.740234375,Actual
2024-07-24,5566.612604135058,5396.978886745086,5735.7136988245775,5488.71952309563,77.89308103942788,5427.1298828125,Actual
2024-07-25,5568.288265578914,5396.011919758181,5730.696677198764,5490.3935511950895,77.89471438382483,5399.22021484375,Actual
2024-07-26,5570.016620953999,5398.230220881801,5729.82841932515,5492.0675792945485,77.94904165945123,5459.10009765625,Actual
2024-07-29,5576.018857892059,5408.435218583421,5751.967319349555,5497.089663592925,78.92919429913444,5463.5400390625,Actual
2024-07-30,5578.4249254737615,5413.137800068521,5743.489785950993,5498.763691692384,79.66123378137752,5436.43994140625,Actual
2024-07-31,5581.0802229026995,5422.8380975975215,5745.022056240105,5500.437719791843,80.64250311085617,5522.2998046875,Actual
2024-08-01,5583.999663515133,5428.359112899684,5741.189796772269,5502.111747891302,81.88791562383109,5446.68017578125,Actual
2024-08-02,5587.18918896397,5427.35681650707,5755.017213367288,5503.78577599076,83.4034129732103,5346.56005859375,Actual
2024-08-05,5598.307041581952,5432.670414460349,5759.185154249549,5508.807860289137,89.49918129281502,5186.330078125,Actual
2024-08-06,5602.465476432124,5443.649851680822,5766.602649343146,5510.481888388596,91.98358804352716,5240.02978515625,Actual
2024-08-07,5606.800669054061,5460.915510691737,5774.708120447621,5512.155916488055,94.64475256600625,5199.5,Actual
2024-08-08,5611.2744269721525,5447.588281338182,5777.329853557126,5513.829944587513,97.44448238463937,5319.31005859375,Actual
2024-08-09,5615.8444584337885,5465.399145217456,5778.509479669069,5515.503972686973,100.34048574681559,5344.16015625,Actual
2024-08-12,5629.673780829868,5462.119342793867,5793.925504489696,5520.526056985349,109.14772384451821,5344.39013671875,Actual
2024-08-13,5634.167456806022,5472.14115730041,5810.930014290086,5522.200085084807,111.96737172121414,5434.43017578125,Actual
2024-08-14,5638.527895997093,5460.965810957629,5789.474017083507,5523.874113184266,114.65378281282663,5455.2099609375,Actual
2024-08-15,5642.713968404409,5472.4643636254195,5817.978334777787,5525.548141283726,117.16582712068208,5543.22021484375,Actual
2024-08-16,5646.6885518431955,5484.7244371212755,5820.761874511247,5527.222169383185,119.46638246001058,5554.25,Actual
2024-08-19,5657.047339490156,5483.475820755188,5823.384115443405,5532.244253681561,124.80308580859624,5608.25,Actual
2024-08-20,5661.1543943016295,5499.859464897532,5834.482528642777,5535.164275170415,125.99011913121467,5597.1201171875,Actual
2024-08-21,5664.945478278505,5495.920855542135,5834.59568847949,5538.08429665927,126.86118161923515,5620.85009765625,Actual
2024-08-22,5668.41759517901,5510.0239654156685,5840.645333967007,5541.004318148124,127.41327703088648,5570.64013671875,Actual
2024-08-23,5671.573424391534,5500.754582785508,5843.065409078959,5543.924339636979,127.64908475455496,5634.60986328125,Actual
2024-08-26,5679.244554331493,5497.747872652957,5838.6535308406965,5552.684404103543,126.56015022795057,5616.83984375,Actual
2024-08-27,5681.256792641592,5519.677351863499,5846.461501175792,5555.604425592397,125.65236704919513,5625.7998046875,Actual
2024-08-28,5683.030962232086,5521.721442166918,5844.0946292695635,5558.524447081252,124.50651515083291,5592.18017578125,Actual
2024-08-29,5684.590269102399,5518.92270778688,5853.61702394996,5561.444468570106,123.14580053229325,5591.9599609375,Actual
2024-08-30,5685.958428611511,5528.0964411867235,5847.048394221105,5564.364490058962,121.5939385525502,5648.39990234375,Actual
2024-09-03,5689.966241306702,5518.252824647783,5862.836787919065,5576.04457601438,113.92166529232117,5528.93017578125,Actual
2024-09-04,5690.6970537240395,5537.167056277124,5857.548778941742,5578.9645975032345,111.73245622080519,5520.06982421875,Actual
2024-09-05,5691.347857912971,5529.292450579672,5860.227349193308,5581.88461899209,109.46323892088164,5503.41015625,Actual
2024-09-06,5691.9271809427555,5528.928895384722,5859.6784142317665,5584.804640480944,107.122540461812,5408.419921875,Actual
2024-09-09,5693.271110902952,5536.926974290346,5858.235115455074,5593.564704947508,99.70640595544381,5471.0498046875,Actual
2024-09-10,5693.584078456428,5544.235806751376,5852.256401649102,5596.4847264363625,97.0993520200656,5495.52001953125,Actual
2024-09-11,5693.821462453525,5526.590518984784,5862.784101324307,5599.404747925217,94.41671452830836,5554.1298828125,Actual
2024-09-12,5693.975822877786,5530.537236494891,5845.683533616126,5602.324769414072,91.65105346371425,5595.759765625,Actual
2024-09-13,5694.0389275924745,5533.247171783895,5864.743314253786,5605.244790902926,88.79413668954815,5626.02001953125,Actual
2024-09-16,5693.602313367672,5528.783763296146,5856.072965771397,5614.0048553694905,79.59745799818096,5633.08984375,Actual
2024-09-17,5693.228655978617,5534.690058915222,5853.9883690235765,5616.924876858345,76.30377912027197,5634.580078125,Actual
2024-09-18,5692.737073752038,5529.409932931239,5853.027891779777,5619.8448983472,72.89217540483786,5618.259765625,Actual
2024-09-19,5692.130127142271,5533.539145681702,5853.719768449746,5622.764919836054,69.36520730621666,5713.64013671875,Actual
2024-09-20,5691.414361083543,5532.455265003039,5857.714799274399,5625.684941324908,65.72941975863418,5702.5498046875,Actual
2024-09-23,5688.746020847341,5536.969902542228,5860.416425325516,5634.445005791473,54.30101505586886,5718.56982421875,Actual
2024-09-24,5687.7498594503095,5521.271991068145,5852.843757152984,5637.365027280327,50.3848321699829,5732.93017578125,Actual
2024-09-25,5686.7450417945465,5520.917962034963,5841.187686428027,5640.285048769182,46.45999302536458,5722.259765625,Actual
2024-09-26,5685.76451323629,5519.545306179412,5842.866652538055,5643.205070258036,42.559442978254175,5745.3701171875,Actual
2024-09-27,5684.844621181592,5527.745339673874,5858.965764697898,5646.1250917468915,38.71952943470048,5738.169921875,Actual
2024-09-30,5682.848538766444,5519.366923956205,5839.760521139425,5654.885156213455,27.9633825529895,5762.47998046875,Actual
2024-10-01,5682.577227328416,5518.571381849428,5842.171766639705,5657.80517770231,24.772049626105414,5708.75,Actual
2024-10-02,5682.572586413962,5508.194341125895,5840.880950397447,5660.725199191164,21.847387222797426,5709.5400390625,Actual
2024-10-03,5682.874291822681,5511.01719745867,5839.009787131805,5663.6452206800195,19.22907114266149,5699.93994140625,Actual
2024-10-04,5683.51925181064,5513.807300430927,5838.641569822836,5666.565242168874,16.954009641765598,5751.06982421875,Actual
2024-10-07,5687.822452594463,5518.605668822442,5864.828041419522,5675.325306635437,12.497145959026449,5695.93994140625,Actual
2024-10-08,5690.123694025722,5522.724707517546,5851.5826177397985,5678.245328124292,11.878365901429799,5751.1298828125,Actual
2024-10-09,5692.882126571401,5516.601824900993,5849.209003411608,5681.165349613147,11.716776958255068,5792.0400390625,Actual
2024-10-10,5696.10215549825,5527.9430039898725,5863.314650925107,5684.085371102002,12.016784396248232,5780.0498046875,Actual
2024-10-11,5699.781315171602,5552.466951419327,5859.270963115483,5687.005392590856,12.775922580745704,5815.02978515625,Actual
2024-10-14,5713.447363606594,5548.065588880539,5875.498559678036,5695.76545705742,17.681906549174933,5859.85009765625,Actual
2024-10-15,5718.805068983833,5561.9130403116815,5873.872407885995,5698.685478546275,20.11959043755852,5815.259765625,Actual
2024-10-16,5724.512944741277,5562.141654796538,5893.046011953925,5701.605500035129,22.90744470614815,5842.47021484375,Actual
2024-10-17,5730.533402523093,5571.091522324204,5886.228745637959,5704.525521523984,26.007880999109084,5841.47021484375,Actual
2024-10-18,5736.825396151308,5576.259862413793,5900.938742145714,5707.445543012838,29.379853138469937,5864.669921875,Actual
2024-10-21,5756.888973980519,5599.82200391665,5928.843048908102,5716.20560754601,40.6833664345099,5853.97998046875,Actual
2024-10-22,5763.822333581133,5605.7867294403295,5917.012180120407,5719.125629057066,44.696704524066305,5851.2001953125,Actual
2024-10-23,5770.805278735103,5613.627353123836,5927.241536720283,5722.045650568123,48.75962816697901,5797.419921875,Actual
2024-10-24,5777.797165579566,5617.957583269175,5943.259050143301,5724.965672079181,52.83149350038563,5809.85986328125,Actual
2024-10-25,5784.760740163745,5623.667274201379,5941.520912186123,5727.885693590238,56.87504657350769,5808.1201171875,Actual
2024-10-28,5805.17420265886,5641.466624587491,5973.372301974332,5736.645758123409,68.5284445354508,5823.52001953125,Actual
2024-10-29,5811.742284161066,5634.403423800349,5978.092169779739,5739.565779634466,72.1765045266,5832.919921875,Actual
2024-10-30,5818.167043490405,5655.1696666544185,5979.516276151261,5742.485801145523,75.68124234488258,5813.669921875,Actual
2024-10-31,5824.441644946871,5657.65127397481,5982.625405024763,5745.405822656579,79.03582229029128,5705.4501953125,Actual
2024-11-01,5830.564505017848,5667.061386055374,5989.766480573709,5748.325844167637,82.23866085021152,5728.7998046875,Actual
2024-11-04,5848.076564434728,5694.395083682352,6010.1516175559655,5757.0859087008075,90.99065573392134,5712.68994140625,Actual
2024-11-05,5853.665396829672,5680.098803119137,6023.256473234869,5760.005930211865,93.65946661780737,5782.759765625,Actual
2024-11-06,5859.155350831767,5682.135794602533,6027.94861285146,5762.925951722922,96.22939910884409,5929.0400390625,Actual
2024-11-07,5864.56401123649,5707.385153130388,6032.513746879155,5765.845973233979,98.71803800251094,5973.10009765625,Actual
2024-11-08,5869.909275215135,5716.274012015298,6041.722605147129,5768.765994745036,101.14328047009919,5995.5400390625,Actual
2024-11-11,5885.729697413682,5722.463382988653,6045.930449927595,5777.526059278207,108.20363813547479,6001.35009765625,Actual
2024-11-12,5890.975990330204,5730.484193069312,6066.864622098116,5780.446080789264,110.52990954093974,5983.990234375,Actual
2024-11-13,5896.223324780282,5730.526526740044,6050.024225367087,5783.3661023003215,112.85722247996065,5985.3798828125,Actual
2024-11-14,5901.47471006553,5749.266057523515,6058.335738755423,5786.286123811377,115.1885862541527,5949.169921875,Actual
2024-11-15,5906.728787111908,5745.158722751168,6056.2023125359765,5789.206145322435,117.52264178947236,5870.6201171875,Actual
2024-11-18,5922.425665527798,5743.0282081724945,6087.778670883145,5797.966209855606,124.45945567219131,5893.6201171875,Actual
2024-11-19,5927.587086319128,5764.702190243315,6093.4258708243815,5800.886231366663,126.70085495246482,5916.97998046875,Actual
2024-11-20,5932.6786622382615,5770.250488871053,6097.851969658034,5803.806252877721,128.87240936054047,5917.10986328125,Actual
2024-11-21,5937.674893075615,5781.026492957834,6085.924353380094,5806.726274388778,130.94861868683748,5948.7099609375,Actual
2024-11-22,5942.547985756165,5791.334396495977,6112.7393668159675,5809.6462958998345,132.90168985633082,5969.33984375,Actual
2024-11-25,5956.133486608756,5794.931843514045,6129.965632143026,5818.406360433006,137.72712617575087,5987.3701171875,Actual
2024-11-26,5960.219677514919,5785.122137126327,6117.66660260566,5821.326381944063,138.89329557085557,6021.6298828125,Actual
2024-11-27,5964.039358952819,5798.319020974749,6113.604365369995,5824.24640345512,139.79295549769896,5998.740234375,Actual
2024-11-29,5970.789950131408,5796.441640619131,6132.140088819268,5830.086446477234,140.70350365417352,6032.3798828125,Actual
2024-12-02,5978.471521944234,5812.300384522253,6141.2859998682225,5838.846511010405,139.62501093382858,6047.14990234375,Actual
2024-12-03,5980.356755352911,5817.046630679768,6126.6916697589595,5841.766532521462,138.5902228314491,6049.8798828125,Actual
2024-12-04,5981.910915298587,5821.041702197949,6140.739286792445,5844.686554032519,137.2243612660678,6086.490234375,Actual
2024-12-05,5983.146499000614,5825.610756528934,6155.302840189477,5847.606575543577,135.53992345703776,6075.10986328125,Actual
2024-12-06,5984.081435114396,5815.851352246727,6149.739858438481,5850.526597054633,133.55483805976294,6090.27001953125,Actual
2024-12-09,5985.3333794635755,5829.707187171025,6149.639264086302,5859.286661587805,126.04671787577075,6052.85009765625,Actual
2024-12-10,5985.33608745343,5821.8720165156965,6133.10022767675,5862.206683098861,123.12940435456962,6034.91015625,Actual
2024-12-11,5985.189838946561,5799.362936525118,6144.970835950263,5865.126704609918,120.06313433664351,6084.18994140625,Actual
2024-12-12,5984.931807959291,5812.431961682473,6146.037781253172,5868.046726120975,116.88508183831632,6051.25,Actual
2024-12-13,5984.599228056395,5815.322330900909,6149.139950569667,5870.966747632033,113.632480424362,6051.08984375,Actual
2024-12-16,5983.506604333385,5818.679212321899,6159.086197094904,5879.726812165203,103.77979216818204,6074.080078125,Actual
2024-12-17,5983.215097085933,5814.406502352716,6149.249213993104,5882.646833676261,100.56826340967234,6050.60986328125,Actual
2024-12-18,5983.002681308221,5818.066732783688,6138.266245974936,5885.566855187317,97.4358261209043,5872.16015625,Actual
2024-12-19,5982.887969470218,5828.776941885142,6152.607366181828,5888.486876698375,94.40109277184314,5867.080078125,Actual
2024-12-20,5979.941711027994,5813.93304254387,6151.424674812163,5888.464366967112,91.4773440608814,5930.85009765625,Actual
2024-12-23,5971.818027329039,5803.213364176315,6129.521705253046,5888.396837773322,83.42118955571695,5974.06982421875,Actual
2024-12-24,5969.337514352051,5804.583122721232,6130.6054166447975,5888.374328042058,80.96318630999319,6040.0400390625,Actual
2024-12-26,5964.646060824417,5792.919814646101,6131.644249295631,5888.32930857953,76.31675224488687,6037.58984375,Actual
2024-12-27,5962.397370365051,5799.013401050567,6121.65851287223,5888.306798848267,74.09057151678402,5970.83984375,Actual
2024-12-30,5955.764902797012,5792.5231115125125,6120.824815663007,5888.2392696544775,67.5256331425346,5906.93994140625,Actual
2024-12-31,5953.511805783132,5800.736266969603,6124.6580383736,5888.216759923214,65.29504585991809,5881.6298828125,Actual
2025-01-02,5948.811206724307,5788.312967759786,6104.1201406565015,5888.171740460687,60.63946626362076,5868.5498046875,Actual
2025-01-03,5946.330276441538,5790.889770555198,6109.738102009981,5888.149230729423,58.18104571211532,5942.47021484375,Actual
2025-01-06,5938.263006893058,5778.404728633334,6094.975597905147,5888.081701535632,50.18130535742611,5975.3798828125,Actual
2025-01-07,5935.37076142442,5770.094648407328,6110.875468175307,5888.059191804369,47.31156962005127,5909.02978515625,Actual
2025-01-08,5932.395186849595,5765.4866374703915,6104.18461876756,5888.036682073106,44.358504776489234,5918.25,Actual
2025-01-10,5926.282196905105,5760.0588337193585,6089.031588884249,5887.991662610579,38.290534294526175,5827.0400390625,Actual
2025-01-13,5917.185268543034,5748.011141358689,6083.236520906947,5887.924133416788,29.26113512624583,5836.22021484375,Actual
2025-01-14,5914.3301610963335,5759.021173251495,6086.772776970721,5887.901623685524,26.428537410809405,5842.91015625,Actual
2025-01-15,5911.6373739462315,5762.69812899956,6074.4841441596645,5887.879113954261,23.75825999197083,5949.91015625,Actual
2025-01-16,5909.152228361296,5753.947919029009,6074.590369017928,5887.856604222998,21.29562413829785,5937.33984375,Actual
2025-01-17,5906.918813864424,5750.5618614301875,6070.608896663434,5887.834094491734,19.084719372690774,5996.66015625,Actual
2025-01-21,5901.259875269514,5735.654108147752,6060.909518902706,5887.74405556668,13.515819702834243,6049.240234375,Actual
2025-01-22,5900.8026530388615,5740.269234077191,6049.207468121894,5887.721545835416,13.081107203445308,6086.3701171875,Actual
2025-01-23,5900.756845239708,5731.532205451036,6069.511128268923,5887.699036104153,13.057809135555573,6118.7099609375,Actual
2025-01-24,5901.1202960194205,5736.845116648283,6066.734417496909,5887.676526372889,13.44376964653105,6101.240234375,Actual
2025-01-27,5904.486133669899,5744.369122083043,6075.955869252519,5887.608997179099,16.87713649080016,6012.27978515625,Actual
2025-01-28,5906.252718834461,5744.467188958033,6062.543726218814,5887.586487447835,18.666231386626766,6067.7001953125,Actual
2025-01-29,5908.258577953815,5739.507799077383,6066.978956955382,5887.563977716572,20.69460023724318,6039.31005859375,Actual
2025-01-30,5910.439478638436,5742.2100096447,6067.098462736743,5887.541467985308,22.898010653128253,6071.169921875,Actual
2025-01-31,5912.722935272181,5744.994836241954,6084.347354527505,5887.518958254044,25.20397701813675,6040.52978515625,Actual
2025-02-03,5919.368710064725,5759.051035411385,6075.217079015435,5887.451429060254,31.917281004471104,5994.56982421875,Actual
2025-02-04,5921.222179705313,5752.206870562653,6088.805284004569,5887.428919328991,33.793260376322316,6037.8798828125,Actual
2025-02-05,5922.7442188403775,5764.57646682812,6095.28795544458,5887.406409597726,35.33780924265063,6061.47998046875,Actual
2025-02-06,5923.846360827184,5760.175390286573,6099.497102271419,5887.383899866463,36.4624609607204,6083.56982421875,Actual
2025-02-07,5924.444169282245,5763.001076762015,6085.840276194503,5887.3613901352,37.08277914704462,6025.990234375,Actual
2025-02-10,5922.468012190095,5773.303701005859,6088.714074689464,5887.293860941409,35.174151248686314,6066.43994140625,Actual
2025-02-11,5920.350811619615,5756.202811614048,6087.890365379594,5887.271351210145,33.0794604094695,6068.5,Actual
2025-02-12,5917.431667685898,5747.849844422831,6078.060481096089,5887.248841478882,30.182826207015413,6051.97021484375,Actual
2025-02-13,5913.686472240685,5756.968052387469,6077.4303724856645,5887.226331747618,26.460140493066838,6115.06982421875,Actual
2025-02-14,5909.105316866025,5743.136618865534,6083.912067659244,5887.203822016355,21.901494849669753,6114.6298828125,Actual
2025-02-18,5882.735735653576,5722.035997091864,6045.355930909247,5887.113783091301,-4.378047437725007,6129.580078125,Actual
2025-02-19,5874.336071718575,5700.400964386567,6045.5344357888225,5887.091273360038,-12.755201641463131,6144.14990234375,Actual
2025-02-20,5865.341365488929,5700.485960809998,6031.919652317229,5887.068763628775,-21.7273981398454,6117.52001953125,Actual
2025-02-21,5855.835507791178,5683.597509848838,6005.207160673902,5887.046253897511,-31.210746106332717,6013.1298828125,Actual
2025-02-24,5825.213032443544,5649.084202887635,5987.454567782889,5886.97872470372,-61.76569226017605,5983.25,Actual
2025-02-25,5814.651992418172,5659.228389891231,5975.251435884687,5886.956214972457,-72.3042225542851,5955.25,Actual
2025-02-26,5804.094602522975,5649.341190855192,5969.11280992951,5886.933705241193,-82.83910271821783,5956.06005859375,Actual
2025-02-27,5793.648418687155,5628.2918786360415,5954.238364820337,5886.911195482226,-93.26277679507062,5861.56982421875,Actual
2025-02-28,5783.417548945685,5616.664666252145,5946.494674677834,5886.88868572326,-103.47113677757528,5954.5,Actual
2025-03-03,5754.964883247071,5577.523157578298,5927.0171966223525,5886.821156446361,-131.85627319928946,5849.72021484375,Actual
2025-03-04,5746.500143883511,5581.932929642768,5904.491948371234,5886.798646687394,-140.29850280388294,5778.14990234375,Actual
2025-03-05,5738.654912119385,5574.164253773526,5900.93326133594,5886.776136928427,-148.1212248090423,5842.6298828125,Actual
2025-03-06,5731.476755097616,5553.873235960807,5898.351533788898,5886.753627169462,-155.27687207184545,5738.52001953125,Actual
2025-03-07,5725.000054787282,5564.024164577368,5880.827149964242,5886.731117410494,-161.731062623212,5770.2001953125,Actual
2025-03-10,5709.920748896119,5548.491821424044,5885.63193614902,5886.663588133595,-176.7428392374762,5614.56005859375,Actual
2025-03-11,5706.326241945296,5546.720687805174,5854.2666034119775,5886.641078374629,-180.31483642933313,5572.06982421875,Actual
2025-03-12,5703.407846847916,5540.0990423613575,5870.949872765137,5886.618568615663,-183.21072176774754,5599.2998046875,Actual
2025-03-13,5701.12528837956,5531.3073388236035,5855.764175918176,5886.596058856696,-185.4707704771362,5521.52001953125,Actual
2025-03-14,5699.429176793114,5528.676800770767,5870.32367154762,5886.5735490977295,-187.14437230461584,5638.93994140625,Actual
2025-03-17,5697.261858766344,5517.080418454848,5854.015302354196,5886.50601982083,-189.24416105448645,5675.1201171875,Actual
2025-03-18,5697.2912470135125,5541.4576400574515,5873.0500062263045,5886.483510061865,-189.19226304835266,5614.66015625,Actual
2025-03-19,5697.580515029,5529.421310367268,5866.668457923322,5886.461000302897,-188.88048527389793,5675.2900390625,Actual
2025-03-20,5698.060659883757,5539.559675839031,5867.040404337363,5886.438490543931,-188.3778306601747,5662.89013671875,Actual
2025-03-21,5698.665416513706,5540.36087160671,5880.891713528274,5886.415980784965,-187.75056427125844,5667.56005859375,Actual
2025-03-24,5700.636030753411,5531.760656622584,5859.011174766729,5886.348451508065,-185.71242075465423,5767.56982421875,Actual
2025-03-25,5701.180043685006,5536.528299490822,5860.241991114185,5886.325941749099,-185.1458980640932,5776.64990234375,Actual
2025-03-26,5701.604377408116,5536.359562983088,5857.209010154279,5886.303431990133,-184.69905458201632,5712.2001953125,Actual
2025-03-27,5701.883858164387,5540.6859336031785,5869.173306146247,5886.280922231166,-184.3970640667797,5693.31005859375,Actual
2025-03-28,5702.002188246888,5536.871330085313,5857.800115215561,5886.2584124722,-184.25622422531202,5580.93994140625,Actual
2025-03-31,5701.357240184241,5534.082710747925,5867.137912386397,5886.190883195301,-184.83364301105928,5611.85009765625,Actual
2025-04-01,5700.838074891969,5539.297117310626,5863.216225424608,5886.168373436334,-185.33029854436546,5633.06982421875,Actual
2025-04-02,5700.198941855752,5538.356720024324,5871.4229561978045,5886.145863677368,-185.94692182161532,5670.97021484375,Actual
2025-04-03,5699.467685921341,5531.70414977717,5862.949549739639,5886.123353918401,-186.6556679970604,5396.52001953125,Actual
2025-04-04,5698.676328750415,5527.897239703804,5851.303548880758,5886.100844159435,-187.4245154090192,5074.080078125,Actual
2025-04-07,5696.299165227687,5527.305784132768,5859.074058488567,5886.033314882536,-189.73414965484864,5062.25,Actual
2025-04-08,5695.628828904374,5533.060286307582,5866.558505168337,5886.010805123569,-190.3819762191951,4982.77001953125,Actual
2025-04-09,5695.078932146484,5523.824148542047,5859.878173756494,5885.988295364603,-190.90936321811895,5456.89990234375,Actual
2025-04-10,5694.681623084101,5528.5397966243245,5865.568195039805,5885.965785605636,-191.28416252153423,5268.0498046875,Actual
2025-04-11,5694.465453084812,5531.114982710587,5856.504916891571,5885.94327584667,-191.47782276185833,5363.35986328125,Actual
2025-04-14,5695.121703486108,5541.078864958391,5876.598796052977,5885.875746569771,-190.75404308366237,5405.97021484375,Actual
2025-04-15,5695.822562830992,5536.736269923852,5857.103619293703,5885.853236810804,-190.03067397981238,5396.6298828125,Actual
2025-04-16,5696.774725994581,5516.0373364200295,5863.836362227482,5885.830727051837,-189.0560010572564,5275.7001953125,Actual
2025-04-17,5697.976462885794,5537.746521607046,5857.542949023197,5885.808217292872,-187.8317544070776,5282.7001953125,Actual
2025-04-21,5705.085437423401,5535.110688142793,5871.374689855541,5885.718178257006,-180.6327408336048,5158.2001953125,Actual
2025-04-22,5707.3582224937145,5550.815668150797,5872.378100422606,5885.695668498039,-178.33744600432433,5287.759765625,Actual
2025-04-23,5709.788645202677,5546.4772388643205,5881.97603828281,5885.673158739073,-175.88451353639607,5375.85986328125,Actual
2025-04-24,5712.354325542187,5541.327892851099,5883.889365335091,5885.650648980107,-173.29632343791937,5484.77001953125,Actual
2025-04-25,5715.032960272774,5552.165186821765,5884.226393950975,5885.6281392211395,-170.59517894836563,5525.2099609375,Actual
2025-04-28,5723.539705825686,5566.101936039656,5878.962191001378,5885.56060994424,-162.02090411855474,5528.75,Actual
2025-04-29,5726.472845637754,5555.939945452713,5880.0091857895695,5885.538100185275,-159.0652545475204,5560.830078125,Actual
2025-04-30,5733.199287500671,5584.087076440545,5895.417326439037,5889.283448376125,-156.08416087545444,5569.06005859375,Actual
2025-05-01,5739.941568490176,5580.77754518359,5912.181509330487,5893.028796566976,-153.08722807679945,5604.14013671875,Actual
2025-05-02,5746.6931388977355,5586.693814225725,5925.4944763729245,5896.774144757826,-150.0810058600908,5686.669921875,Actual
2025-05-05,5766.980849681101,5606.431894721974,5929.397946203085,5908.010189330378,-141.02933964927718,5650.3798828125,Actual
2025-05-06,5773.758860181433,5613.144386533527,5926.257541720123,5911.75553752123,-137.99667733979655,5606.91015625,Actual
2025-05-07,5780.551183931667,5618.930958573587,5943.415566880796,5915.50088571208,-134.94970178041353,5631.27978515625,Actual
2025-05-08,5787.363176327784,5625.66504212907,5952.730117218202,5919.246233902931,-131.88305757514703,5663.93994140625,Actual
2025-05-09,5794.200204277273,5617.833660131778,5956.045980562157,5922.991582093781,-128.79137781650817,5659.91015625,Actual
2025-05-12,5814.901002875707,5650.936349554548,5977.108463071442,5934.227626666334,-119.32662379062737,5844.18994140625,Actual
2025-05-13,5821.86843947756,5667.723217575408,5999.788719605519,5937.9729748571835,-116.10453537962367,5886.5498046875,Actual
2025-05-14,5828.864848321092,5659.713564199127,5998.83397989849,5941.718323048035,-112.85347472694312,5892.580078125,Actual
2025-05-15,5835.882602067029,5672.908437063904,5996.008338767772,5945.463671238886,-109.5810691718565,5916.93017578125,Actual
2025-05-16,5842.9104519523735,5682.73446399568,6017.198331218772,5949.209019429736,-106.2985674773625,5958.3798828125,Actual
2025-05-19,5863.887103957102,5696.802138064466,6034.105405508079,5960.445064002288,-96.55796004518574,5963.60009765625,Actual
2025-05-20,5870.770775582289,5708.096781657475,6053.19786922565,5964.190412193139,-93.41963661084974,5940.4599609375,Actual
2025-05-21,5877.556524315492,5708.401344282374,6044.015028416815,5967.935760383989,-90.37923606849658,5844.60986328125,Actual
2025-05-22,5884.215067984984,5738.6781150656025,6057.054394555211,5971.68110857484,-87.46604058985665,5842.009765625,Actual
2025-05-23,5890.716122432356,5718.4030211072495,6053.257445535747,5975.426456765691,-84.71033433333486,5802.81982421875,Actual
2025-05-27,5914.556779644607,5756.824083255147,6083.768881876222,5990.407849529093,-75.85106988448617,5921.5400390625,Actual
2025-05-28,5919.847176287764,5759.580985508673,6081.76811488094,5994.153197719945,-74.30602143218044,5888.5498046875,Actual
2025-05-29,5924.831078961135,5755.883050188898,6083.605848009932,5997.898545910794,-73.06746694965949,5912.169921875,Actual
2025-05-30,5929.498322650291,5772.327905169331,6093.487507581665,6001.643894101646,-72.14557145135485,5911.68994140625,Actual
2025-06-02,5941.5997352326995,5775.7991766805835,6105.312336255984,6012.879938674198,-71.2802034414978,5935.93994140625,Actual
2025-06-03,5945.037253094217,5781.488302641467,6108.305332549645,6016.625286865049,-71.58803377083181,5970.3701171875,Actual
2025-06-04,5948.214738378302,5779.03875335639,6109.510901907778,6020.370635055899,-72.15589667759669,5970.81005859375,Actual
2025-06-05,5951.16674534355,5789.228386395107,6115.264364918274,6024.11598324675,-72.94923790319979,5939.2998046875,Actual
2025-06-06,5953.935198530776,5795.722045765921,6116.871390050357,6027.861331437601,-73.92613290682507,6000.35986328125,Actual
2025-06-09,5961.655260518275,5801.421220605368,6126.188779719287,6039.097376010152,-77.44211549187722,6005.8798828125,Actual
2025-06-10,5964.231354947445,5802.301798207995,6151.328849969355,6042.842724201003,-78.61136925355801,6038.81005859375,Actual
2025-06-11,5966.916636781514,5800.293868695955,6135.487635944549,6046.588072391854,-79.67143561034014,6022.240234375,Actual
2025-06-12,5969.778334238726,5806.234493692274,6141.779959748938,6050.333420582704,-80.55508634397803,6045.259765625,Actual
2025-06-13,5972.883316254267,5806.849345464607,6137.299469268507,6054.078768773556,-81.19545251928868,5976.97021484375,Actual
2025-06-16,5984.289053288794,5824.0069190478325,6154.517383596646,6065.314813346107,-81.02576005731315,6033.10986328125,Actual
2025-06-17,5988.975173964532,5818.647234178989,6138.694787851864,6069.060161536958,-80.08498757242594,5982.72021484375,Actual
2025-06-18,5994.180556952004,5824.559214795112,6168.330028397078,6072.805509727808,-78.62495277580445,5980.8701171875,Actual
2025-06-20,6006.274454701247,5833.246200948638,6161.459155600925,6080.2962061095095,-74.02175140826263,5967.83984375,Actual
2025-06-23,6028.822223933837,5853.64663572913,6190.0047798413,6091.532250682062,-62.71002674822474,6025.169921875,Actual
2025-06-24,6037.488892864782,5864.240538822966,6191.607569530597,6095.277598872913,-57.78870600812982,6092.18017578125,Actual
2025-06-25,6046.688045029042,5878.029595993263,6212.200795651822,6099.022947063763,-52.33490203472108,6092.16015625,Actual
2025-06-26,6056.37786729628,5900.328353830334,6217.724602502944,6102.768295254614,-46.3904279583338,6141.02001953125,Actual
2025-06-27,6066.506805178746,5898.388642824232,6241.509232354902,6106.513643445465,-40.00683826672,6173.06982421875,Actual
2025-06-30,6098.889536227507,5931.800587831127,6263.380077529543,6117.749688018017,-18.860151790510116,6204.9501953125,Actual
2025-07-01,6110.1045413573165,5944.2258033958515,6271.807880452944,6121.4950362088675,-11.390494851550631,6198.009765625,Actual
2025-07-02,6121.397292420044,5947.534072838642,6275.1067991424625,6125.240384399718,-3.843091979673518,6227.419921875,Actual
2025-07-03,6132.685553074382,5969.850620616829,6286.425226185368,6128.98573259057,3.699820483813023,6279.35009765625,Actual
2025-07-07,6176.209947610948,6000.056411052206,6342.690350707146,6143.967125353972,32.242822256976325,6229.97998046875,Actual
2025-07-08,6186.326712709565,6027.1119141498775,6341.978559576492,6147.712473544822,38.614239164742706,6225.52001953125,Actual
2025-07-09,6196.018836701926,6033.8997795624855,6367.17768039595,6151.457821735673,44.56101496625304,6263.259765625,Actual
2025-07-10,6205.242373379655,6034.422391231799,6377.8599763497405,6155.2031699265235,50.03920345313111,6280.4599609375,Actual
2025-07-11,6213.963745627052,6057.531824088929,6377.408850547764,6158.948518117375,55.01522750967661,6259.75,Actual
2025-07-14,6236.944805659705,6079.644502303253,6392.2504779267565,6170.184562689927,66.76024296977842,6268.56005859375,Actual
2025-07-15,6243.54355086411,6082.323529205299,6404.862284317276,6173.929910880777,69.61363998333297,6243.759765625,Actual
2025-07-16,6249.638418330704,6083.971504955337,6414.521283470996,6177.675259071628,71.96315925907614,6263.7001953125,Actual
2025-07-17,6255.260671130217,6097.063018967366,6430.968695255524,6181.420607262478,73.84006386773832,6297.35986328125,Actual
2025-07-18,6260.450382177606,6099.199888517066,6422.079487607464,6185.165955453329,75.2844267242775,6296.7900390625,Actual
2025-07-21,6273.931292764842,6111.9400445475185,6445.517296850699,6196.4020000258815,77.52929273896017,6305.60009765625,Actual
2025-07-22,6277.92332082298,6107.016071230797,6442.036243078966,6200.147348216732,77.77597260624776,6309.6201171875,Actual
2025-07-23,6281.769067439283,6116.408936054377,6451.712058969866,6203.892696407583,77.87637103170066,6358.91015625,Actual
2025-07-24,6285.532236163427,6125.903020626576,6457.169168988221,6207.638044598433,77.89419156499409,6363.35009765625,Actual
2025-07-25,6289.274953600174,6117.758262794038,6446.741210093314,6211.383392789284,77.89156081088994,6388.64013671875,Actual
2025-07-28,6300.947049743025,6131.212234088169,6458.669036292319,6222.6194373618355,78.32761238118897,6389.77001953125,Actual
2025-07-29,6305.147317951157,6134.107128499692,6464.43124492021,6226.364785552687,78.78253239847002,6370.85986328125,Actual
2025-07-30,6309.565771251178,6143.333181679831,6473.20713172255,6230.1101337435375,79.45563750764127,6362.89990234375,Actual
2025-07-31,6314.228333635761,6146.942961616585,6478.597521635874,6233.855481934388,80.37285170137305,6339.39013671875,Actual
2025-08-01,6319.152151165124,6152.5434725459745,6479.51029479179,6237.600830125239,81.55132103988588,6238.009765625,Actual
2025-08-04,6335.528702111415,6163.140346246382,6503.3998959499,6248.836874697791,86.69182741362441,6329.93994140625,Actual
2025-08-05,6341.491911622671,6181.283212309244,6512.344333557413,6252.582222888641,88.90968873402997,6299.18994140625,Actual
2025-08-06,6347.672101484988,6192.103254873324,6505.720809992426,6256.327571079492,91.3445304054958,6345.06005859375,Actual
2025-08-07,6354.037819052313,6183.606301635416,6521.180152171939,6260.072919270343,93.96489978197005,6340.0,Actual
2025-08-08,6360.552081029321,6196.779312728685,6531.935738076364,6263.8182674611935,96.73381356812784,6389.4501953125,Actual
2025-08-11,6380.55767686324,6216.117239337688,6545.6559832402945,6275.054312033745,105.5033648294949,6373.4501953125,Actual
2025-08-12,6387.226781882234,6221.508974051811,6563.438860845608,6278.799660224597,108.42712165763704,6445.759765625,Actual
2025-08-13,6393.818277048969,6222.60295675202,6577.671333542932,6282.545008415446,111.2732686335232,6466.580078125,Actual
2025-08-14,6400.287338768722,6233.097013056773,6567.145166966464,6286.290356606298,113.99698216242416,6468.5400390625,Actual
2025-08-15,6406.591974186119,6250.537190013109,6567.779920057011,6290.035704797148,116.5562693889703,6449.7998046875,Actual
2025-08-18,6424.160961930481,6258.372481425484,6586.518986037648,6301.271749369701,122.88921256077968,6449.14990234375,Actual
2025-08-19,6429.474972260362,6273.354501789657,6601.293530368937,6305.017097560551,124.45787469981114,6411.3701171875,Actual
2025-08-20,6434.485182061912,6266.367303490791,6602.468355459269,6308.762445751402,125.72273631051031,6395.77978515625,Actual
2025-08-21,6439.1810959599,6271.372849003504,6610.553000031214,6312.507793942253,126.67330201764716,6370.169921875,Actual
2025-08-22,6443.558245149764,6287.974335384292,6599.022993962583,6316.253142133103,127.30510301666082,6466.91015625,Actual
2025-08-25,6454.816245353344,6280.937921373321,6622.946114062693,6327.489186705655,127.32705864768921,6439.31982421875,Actual
2025-08-26,6457.981832654861,6297.789327229059,6626.949516771208,6331.234534896506,126.74729775835459,6465.93994140625,Actual
2025-08-27,6460.882397690965,6295.136771579923,6637.332391643563,6334.979883087356,125.90251460360945,6481.39990234375,Actual
2025-08-28,6463.5392746570515,6279.82312332515,6612.0829520199195,6338.7252312782075,124.8140433788444,6501.85986328125,Actual
2025-08-29,6465.975405691275,6295.149821602448,6632.8473602553095,6342.470579469058,123.5048262222172,6460.259765625,Actual
2025-09-02,6473.979168029466,6303.843459745848,6643.345206215422,6357.45197223246,116.52719579700565,6415.5400390625,Actual
2025-09-03,6475.652462439209,6312.687227104144,6641.500031334711,6361.197320423312,114.4551420158969,6448.259765625,Actual
2025-09-04,6477.230336363119,6306.936845291182,6644.33037354382,6364.942668614161,112.28766774895732,6502.080078125,Actual
2025-09-05,6478.725535715819,6315.50755088254,6636.587363525778,6368.688016805013,110.0375189108067,6481.5,Actual
2025-09-08,6482.791871219209,6321.492348162358,6653.610959988993,6379.924061377565,102.8678098416443,6495.14990234375,Actual
2025-09-09,6484.016508555506,6321.278551394904,6650.226479622989,6383.669409568416,100.34709898709033,6512.60986328125,Actual
2025-09-10,6485.1726962081,6325.029209424743,6647.692810796931,6387.414757759266,97.75793844883432,6532.0400390625,Actual
2025-09-11,6486.2549535795515,6325.18409642296,6650.6172766639165,6391.160105950117,95.0948476294344,6587.47021484375,Actual
2025-09-12,6487.256149872205,6326.783758267626,6651.5171743267765,6394.905454140967,92.35069573123809,6584.2900390625,Actual
2025-09-15,6489.691934606666,6322.726359830565,6651.289587263145,6406.1414987135195,83.55043589314695,6615.27978515625,Actual
2025-09-16,6490.289339787341,6328.684255612219,6640.456991296975,6409.88684690437,80.40249288297095,6606.759765625,Actual
2025-09-17,6490.770468358866,6330.599632981258,6657.540332814963,6413.6321950952215,77.13827326364495,6600.35009765625,Actual
2025-09-18,6491.133599796693,6328.2097409490425,6655.384866768118,6417.377543286071,73.7560565106213,6631.9599609375,Actual
2025-09-19,6491.380370278489,6322.320764684141,6664.189641734099,6421.122891476923,70.25747880156624,6664.35986328125,Actual
2025-09-22,6491.499222317291,6332.569898517276,6658.985775471875,6432.358936049474,59.14028626781647,6693.75,Actual
2025-09-23,6491.3795003338455,6328.033203043655,6653.6382458675425,6436.104284240325,55.2752160935202,6656.919921875,Actual
2025-09-24,6491.2155258032935,6332.936001531962,6650.647850270453,6439.849632431175,51.36589337211811,6637.97021484375,Actual
2025-09-25,6491.035255996908,6330.149604143351,6665.136461235431,6443.594980622027,47.440275374881146,6604.72021484375,Actual
2025-09-26,6490.870696769089,6330.2202826339035,6650.577817528231,6447.340328812877,43.53036795621248,6643.7001953125,Actual
2025-09-29,6490.8406485989135,6328.489582136959,6665.343715263484,6458.576373385429,32.2642752134846,6661.2099609375,Actual
2025-09-30,6491.119769588496,6321.164737141112,6644.971835437249,6462.32172157628,28.798048012216043,6688.4599609375,Actual
2025-10-01,6491.613549226167,6331.354791552219,6663.078280324281,6466.06706976713,25.54647945903747,6711.2001953125,Actual
2025-10-02,6492.363760668675,6345.26664868614,6663.963550829444,6469.812417957981,22.551342710694552,6715.35009765625,Actual
2025-10-03,6493.410621761493,6334.737426590328,6658.184351384847,6473.557766148832,19.85285561265993,6715.7900390625,Actual
2025-10-06,6498.689805702166,6335.124353279401,6656.019522481837,6484.793810721384,13.895994980782179,6740.27978515625,Actual
2025-10-07,6501.261276676526,6328.911998937663,6668.021453757462,6488.539158912235,12.722117764291271,6714.58984375,Actual
2025-10-08,6504.275027847461,6337.806215322207,6671.869637427565,6492.284507103085,11.99052074437598,6753.72021484375,Actual
2025-10-09,6507.743810102364,6333.164957459499,6680.6081595695405,6496.029855293936,11.713954808427598,6735.10986328125,Actual
2025-10-10,6511.673728295743,6343.713530151669,6671.017471517518,6499.775203484786,11.898524810956841,6552.509765625,Actual
2025-10-13,6526.188635241221,6357.98118302186,6680.666028003178,6511.011248057339,15.177387183882024,6654.72021484375,Actual
2025-10-14,6531.887798443201,6367.77593545583,6690.47939660212,6514.756596248189,17.131202195011916,6644.31005859375,Actual
2025-10-15,6537.977906242837,6366.922176916684,6699.351747702444,6518.50194443904,19.47596180379706,6671.06005859375,Actual
2025-10-16,6544.426934636875,6384.101335676099,6691.538488349842,6522.247292629891,22.179642006984338,6629.06982421875,Actual
2025-10-17,6551.19830269593,6386.2793947186865,6717.725753318726,6525.992640820742,25.205661875187843,6664.009765625,Actual
2025-10-20,6573.031076472499,6408.018731038113,6751.975690689069,6537.228685393293,35.802391079205826,6735.1298828125,Actual
2025-10-21,6580.666831800887,6414.768403487781,6735.855542396163,6540.974033584144,39.69279821674245,6735.35009765625,Actual
2025-10-22,6588.406452598608,6426.970713484252,6762.00930024025,6544.719381774995,43.687070823612785,6699.39990234375,Actual
2025-10-23,6596.206253114763,6434.289366744139,6755.645648805014,6548.464729965845,47.7415231489172,6738.43994140625,Actual
2025-10-24,6604.024869577912,6435.530759357962,6759.014155652056,6552.210078156696,51.81479142121552,6791.68994140625,Actual
2025-10-27,6627.232232627497,6463.565265821102,6802.631919154653,6563.446122729249,63.786109898248085,6875.16015625,Actual
2025-10-28,6634.786827445083,6466.476570641675,6806.358017609757,6567.191470920098,67.59535652498516,6890.89013671875,Actual
2025-10-29,6642.2143587650135,6473.044933418632,6808.099450598397,6570.93681911095,71.27753965406335,6890.58984375,Actual
2025-10-30,6649.501127539647,6491.977193047764,6800.139621320734,6574.6821673018,74.81896023784701,6822.33984375,Actual
2025-10-31,6656.638943388716,6488.2646346508645,6830.289167005974,6578.427515492651,78.21142789606543,6840.2001953125,Actual
2025-11-03,6677.154411835183,6508.364195970118,6846.424331459359,6589.663560065203,87.49085176998092,6851.97021484375,Actual
2025-11-04,6683.7149541540075,6516.772440005554,6855.45508056256,6593.408908256054,90.30604589795306,6771.5498046875,Actual
2025-11-05,6690.156457225922,6523.30190319972,6852.117929853386,6597.154256446905,93.00220077901726,6796.2900390625,Actual
2025-11-06,6696.494841148032,6526.938441430997,6853.920127783975,6600.899604637755,95.59523651027662,6720.31982421875,Actual
2025-11-07,6702.747470421228,6554.159241550218,6866.8232613080145,6604.644952828606,98.10251759262253,6728.7998046875,Actual
2025-11-10,6721.1671677838585,6555.2148932551245,6904.845790274759,6615.880997401158,105.2861703827002,6832.43017578125,Actual
2025-11-11,6727.2478347883925,6565.380428906718,6905.096483936803,6619.626345592008,107.62148919638427,6846.60986328125,Actual
2025-11-12,6733.320147358508,6562.114762998195,6908.157404730775,6623.371693782859,109.94845357564841,6850.919921875,Actual
2025-11-13,6739.392101306533,6570.001773138619,6902.424233822108,6627.11704197371,112.2750593328225,6737.490234375,Actual
2025-11-14,6745.467753234235,6576.939297999942,6900.505461361445,6630.862390164561,114.60536306967414,6734.10986328125,Actual
2025-11-17,6763.691854089066,6590.255988488613,6922.294338609016,6642.098434737112,121.59341935195305,6672.41015625,Actual
2025-11-18,6769.734686655899,6619.439034401689,6938.370393303556,6645.843782927964,123.89090372793564,6617.31982421875,Actual
2025-11-19,6775.735249122052,6607.483867276168,6938.860260034674,6649.589131118813,126.14611800323839,6642.16015625,Actual
2025-11-20,6781.671897529906,6612.258935124815,6945.211054996278,6653.334479309665,128.33741822024137,6538.759765625,Actual
2025-11-21,6787.519820503464,6627.895871244329,6954.857728104418,6657.079827500515,130.4399930029487,6602.990234375,Actual
2025-11-24,6804.2506961814115,6633.113989060082,6974.693064344297,6668.315872073068,135.93482410834332,6705.1201171875,Actual
2025-11-25,6809.458183216932,6639.860860460371,6968.881228705599,6672.061220263918,137.39696295301437,6765.8798828125,Actual
2025-11-26,6814.432326654524,6656.464441549503,6985.131474648134,6675.806568454769,138.62575819975478,6812.60986328125,Actual
2025-11-28,6823.575945692245,6653.938745790857,6992.810286000829,6683.29726483647,140.27868085577447,6849.08984375,Actual
2025-12-01,6834.976399906024,6669.409104521006,6998.015586411407,6694.533309409022,140.44309049700223,6812.6298828125,Actual
2025-12-02,6838.109709943719,6673.30782999769,6991.718993052522,6698.278657599873,139.83105234384587,6829.3701171875,Actual
2025-12-03,6840.904328336557,6675.34422841448,7005.9151316474945,6702.024005790723,138.88032254583408,6849.72021484375,Actual
2025-12-04,6843.365630673083,6677.274493607379,7011.886524980327,6705.769353981575,137.59627669150842,6857.1201171875,Actual
2025-12-05,6845.504710622032,6683.7792807949545,6995.071054656518,6709.514702172424,135.99000844960727,6870.39990234375,Actual
2025-12-08,6850.179800019858,6689.333445912969,7019.823565917818,6720.750746744977,129.42905327488052,6846.509765625,Actual
2025-12-09,6851.244597360008,6697.943400611821,7007.691822723054,6724.496094935827,126.74850242418016,6840.509765625,Actual
2025-12-10,6852.115576949609,6676.612471933578,7014.708750697159,6728.241443126679,123.87413382293055,6886.68017578125,Actual
2025-12-11,6852.828433650514,6685.82691972244,7018.288729017553,6731.9867913175285,120.84164233298534,6901.0,Actual
2025-12-12,6853.4201694064795,6688.037838717285,7017.707766992189,6735.73213950838,117.68802989809957,6827.41015625,Actual
2025-12-15,6854.83732867242,6679.705176479302,7016.634543159725,6746.968184080932,107.86914459148831,6816.509765625,Actual
2025-12-16,6855.305907204564,6687.127776680177,7017.759359679866,6750.713532271782,104.59237493278232,6800.259765625,Actual
2025-12-17,6855.823450305912,6684.953655549705,7019.637938918191,6754.458880462633,101.36456984327903,6721.43017578125,Actual
2025-12-18,6856.414642827346,6689.060155533637,7025.7694739597,6758.204228653484,98.21041417386165,6774.759765625,Actual
2025-12-19,6857.09937296549,6699.68330410951,7018.989987574379,6761.949576844334,95.14979612115613,6834.5,Actual
2025-12-22,6859.833494030162,6694.043865243415,7021.851307398112,6773.1856214168865,86.64787261327525,6878.490234375,Actual
2025-12-23,6860.983248633277,6680.673407350652,7021.718934607315,6776.930969607737,84.05227902553955,6909.7900390625,Actual
2025-12-24,6862.24445004586,6705.584084122043,7027.879008291585,6780.676317798588,81.56813224727169,6932.0498046875,Actual
2025-12-26,6865.048505027929,6701.0358999941,7044.818830365472,6788.16701418029,76.88149084763937,6929.93994140625,Actual
2025-12-29,6869.66767550727,6708.153457987362,7032.662814099691,6799.403058752841,70.26461675442916,6905.740234375,Actual
2025-12-30,6871.225016567645,6717.45489204535,7037.78798758501,6803.148406943692,68.07660962395303,6896.240234375,Actual
2025-12-31,6872.7511380041105,6713.069476557061,7032.082115921403,6806.8937551345425,65.85738286956817,6845.5,Actual
2026-01-02,6875.623645080965,6709.947318320622,7041.816793074199,6814.384451516244,61.23919356472084,6858.47021484375,Actual
2026-01-05,6879.250833759909,6707.950618497342,7038.41472318153,6825.620496088796,53.63033767111331,6902.0498046875,Actual
2026-01-06,6880.249762199432,6708.999961173683,7054.4769713289,6829.365844279647,50.88391791978478,6944.81982421875,Actual
2026-01-07,6881.14867138256,6707.818554014961,7040.956391286617,6833.111192470497,48.03747891206229,6920.93017578125,Actual
2026-01-08,6881.960108109575,6719.259340853066,7059.78427459573,6836.856540661348,45.10356744822721,6921.4599609375,Actual
2026-01-09,6882.703023626577,6725.981570303221,7045.65775727436,6840.601888852199,42.101134774378274,6966.27978515625,Actual
2026-01-12,6884.7994582413685,6718.395724996128,7050.196785626807,6851.837933424751,32.961524816617555,6977.27001953125,Actual
2026-01-13,6885.572616369141,6723.831383492254,7049.080769664415,6855.583281615602,29.989334753538884,6963.740234375,Actual
2026-01-14,6886.451875938948,6727.936205394461,7044.572676132762,6859.328629806452,27.123246132496426,6926.60009765625,Actual
2026-01-15,6887.482101411193,6723.332372004187,7056.397016383832,6863.073977997303,24.40812341389008,6944.47021484375,Actual
2026-01-16,6888.70869701554,6724.66779462419,7059.506330312054,6866.819326188154,21.889370827385157,6940.009765625,Actual
2026-01-20,6896.425843776003,6743.985226808981,7065.219065425324,6881.8007189515565,14.625124824446386,6796.85986328125,Actual
2026-01-21,6899.234150131045,6739.552468806489,7064.558791951374,6885.546067142407,13.688082988637838,6875.6201171875,Actual
2026-01-22,6902.442768803109,6741.224838422725,7069.004043222521,6889.291415333259,13.151353469850195,6913.35009765625,Actual
2026-01-23,6906.061769886556,6744.17437701689,7078.604292354211,6893.036763524109,13.025006362447437,6915.60986328125,Actual
2026-01-26,6919.332778585732,6755.846902895119,7087.492157684707,6904.272808096661,15.059970489071324,6950.22998046875,Actual
2026-01-27,6924.492059142184,6759.559015269374,7103.3242782562265,6908.018156287512,16.473902854671508,6978.60009765625,Actual
2026-01-28,6929.957718591464,6770.2254521152445,7100.4785060295735,6911.763504478363,18.194214113101367,6978.02978515625,Actual
2026-01-29,6935.677291424545,6776.0286302889,7099.132512891322,6915.508852669213,20.168438755331298,6969.009765625,Actual
2026-01-30,6941.5887831526,6779.826143730553,7104.0597724313475,6919.254200860064,22.334582292535824,6939.02978515625,Actual
2026-02-02,6959.734377106453,6787.666690740391,7120.449104152235,6930.490245432617,29.2441316738371,6976.43994140625,Actual
2026-02-03,6965.642682966825,6805.213199661411,7132.9597238116185,6934.235593623466,31.407089343359495,6917.81005859375,Actual
2026-02-04,6971.3327631657785,6804.525470297742,7136.657111913299,6937.980941814318,33.351821351460565,6882.72021484375,Actual
2026-02-05,6976.713925239548,6808.586682121628,7142.38135395814,6941.726290005168,34.987635234379766,6798.39990234375,Actual
2026-02-06,6981.697006696753,6823.1045688143695,7138.650613295158,6945.471638196019,36.22536850073483,6932.2998046875,Actual
2026-02-09,6993.430871657763,6827.316222970293,7151.859505659635,6956.7076827685705,36.723188889193246,6964.81982421875,Actual
2026-02-10,6996.029670312535,6824.665133944945,7162.116282494677,6960.453030959422,35.576639353112995,6941.81005859375,Actual
2026-02-11,6997.875450273912,6832.597032243295,7165.987514339602,6964.198379150272,33.67707112364005,6941.47021484375,Actual
2026-02-12,6998.927450629644,6832.568558140555,7169.083069257191,6967.943727341123,30.983723288520693,6832.759765625,Actual
2026-02-13,6999.158119629726,6837.300712883527,7158.706337236416,6971.689075531974,27.469044097751677,6836.169921875,Actual
2026-02-17,6991.816573492892,6830.465175106344,7156.446832527206,6986.670468295376,5.146105197515856,6843.22021484375,Actual
2026-02-18,6988.030240171618,6833.611358500941,7161.181013140694,6990.415816486227,-2.3855763146097235,6881.31005859375,Actual
2026-02-19,6983.559092451643,6812.448266981739,7147.486523118257,6994.161164677077,-10.602072225433975,6861.89013671875,Actual
2026-02-20,6978.473527832221,6810.062066183142,7144.360513497458,6997.9065128679285,-19.432985035707066,6909.509765625,Actual
2026-02-23,6960.389325999095,6807.554384551744,7124.304532260183,7009.14255744048,-48.753231441385644,6837.75,Actual
2026-02-24,6953.744654426623,6801.141227508142,7117.775013181365,7012.887905631332,-59.14325120470873,6890.06982421875,Actual
2026-02-25,6946.9675688675625,6778.790809432236,7114.134813967185,7016.633253822181,-69.66568495461888,6946.1298828125,Actual
2026-02-26,6940.166952252313,6792.0017110451145,7100.768300400574,7020.378602013033,-80.2116497607198,6908.85986328125,Actual
2026-02-27,6933.45089462203,6777.046569718573,7095.627966326813,7024.123950203883,-90.67305558185265,6878.8798828125,Actual
2026-03-02,6914.834936789527,6753.624224407175,7069.579927783831,7035.359994776435,-120.52505798690841,6881.6201171875,Actual
2026-03-03,6909.449641568154,6749.417504027394,7068.3003773791015,7039.105342967286,-129.6557013991311,6816.6298828125,Actual
2026-03-04,6904.606807335947,6741.342318438122,7064.752785772441,7042.850691158137,-138.24388382218984,6869.5,Actual
2026-03-05,6900.369593120163,6723.874180793399,7060.9460131023,7046.596039348987,-146.2264462288237,6830.7099609375,Actual
2026-03-06,6896.78877955057,6738.589111544642,7053.381511674223,7050.341387539838,-153.55260798926795,6740.02001953125,Actual
2026-03-09,6890.294688418667,6737.180471904147,7050.923887197852,7061.57743211239,-171.28274369372278,6795.990234375,Actual
2026-03-10,6889.582323105465,6732.801462233795,7049.374753400739,7065.3227803032405,-175.74045719777556,6781.47998046875,Actual
2026-03-11,6889.581553059866,6721.624988833797,7051.814599951676,7069.068128494091,-179.48657543422578,6775.7998046875,Actual
2026-03-12,6890.265376459482,6726.14661196086,7039.438478019759,7072.8134766849425,-182.54810022546081,6672.6201171875,Actual
2026-03-13,6891.5960159524075,6730.009562575793,7055.852636673345,7076.558824875792,-184.96280892338484,6632.18994140625,Actual
2026-03-16,6898.958064145873,6743.557103833545,7063.6478377741405,7087.794869448345,-188.83680530247145,6699.3798828125,Actual
2026-03-17,6902.331904230966,6748.95118120395,7076.399964124913,7091.540217639195,-189.20831340822994,6716.08984375,Actual
2026-03-18,6906.053231816244,6745.257309274172,7082.120240544216,7095.285565830047,-189.23233401380284,6624.7001953125,Actual
2026-03-19,6910.051928820826,6739.100630490421,7075.931662429453,7099.0309140208965,-188.97898520007013,6606.490234375,Actual
2026-03-20,6914.258558479813,6756.379696701158,7069.749948265863,7102.776262211748,-188.51770373193557,6506.47998046875,Actual
2026-03-23,6927.475840595883,6763.129306471129,7081.392461896578,7114.0123067843,-186.5364661884172,6581.0,Actual
2026-03-24,6931.888687428645,6777.287148296918,7096.87728436287,7117.75765497515,-185.86896754650456,6556.3701171875,Actual
2026-03-25,6936.225517394036,6772.453375855318,7103.274542869976,7121.503003166001,-185.27748577196468,6591.89990234375,Actual
2026-03-26,6940.450333765807,6773.383678409308,7106.074828667097,7125.248351356852,-184.798017591045,6477.16015625,Actual
2026-03-27,6944.535760944619,6786.613184505695,7115.224262797626,7128.993699547702,-184.45793860308254,6368.85009765625,Actual
2026-03-30,6955.8144765256475,6791.504002695588,7113.661254200264,7140.2297441202545,-184.41526759460706,6343.72021484375,Actual
2026-03-31,6959.2440955437705,6805.0068103112435,7136.175647691749,7143.975092311105,-184.7309967673349,6528.52001953125,Actual
2026-04-01,6962.526532171717,6778.727689570234,7122.941234050088,7147.720440501956,-185.193908330239,6575.31982421875,Actual
2026-04-02,6965.6828272936955,6809.079131050018,7128.190556646521,7151.465788692806,-185.78296139911092,6582.68994140625,Actual
2026-04-06,6977.638855802679,6813.5678334111935,7134.74565852954,7166.447181456209,-188.8083256535302,6611.830078125,Actual
2026-04-07,6980.635113644709,6826.868532265944,7154.923490773156,7170.19252964706,-189.5574160023508,6616.85009765625,Actual
2026-04-08,6983.7078901834075,6829.134514150573,7143.000725058475,7173.9378778379105,-190.22998765450288,6782.81005859375,Actual
2026-04-09,6986.892604881069,6821.108135994464,7150.584344112589,7177.683226028761,-190.79062114769218,6824.66015625,Actual
2026-04-10,6990.222176345771,6822.637089213439,7148.323597016472,7181.428574219612,-191.2063978738409,6816.89013671875,Actual
2026-04-13,7001.353973040013,6847.699105782426,7162.580514629463,7192.664618792164,-191.31064575215078,6886.240234375,Actual
2026-04-14,7005.514059298001,6825.952525382692,7161.979659235557,7196.409966983015,-190.89590768501387,6967.3798828125,Actual
2026-04-15,7009.920283773972,6857.648917666657,7175.445012640085,7200.155315173865,-190.2350313998928,7022.9501953125,Actual
2026-04-16,7014.5774428311925,6866.095982707114,7171.000724493543,7203.900663364716,-189.323220533523,7041.27978515625,Actual
2026-04-17,7019.485079208607,6853.817535634754,7180.134979083372,7207.6460115555665,-188.16093234695902,7126.06005859375,Actual
2026-04-20,7035.634751754011,6870.766050530502,7196.06875008853,7218.882056128118,-183.2473043741072,7109.14013671875,Actual
2026-04-21,7041.448037096154,6870.32446730747,7202.66018040899,7222.62740431897,-181.1793672228156,7064.009765625,Actual
2026-04-22,7047.445839491324,6887.970978511341,7218.1304399350165,7226.37275250982,-178.92691301849692,7137.89990234375,Actual
2026-04-23,7053.606794800707,6878.444619678035,7217.242635090606,7230.118100700671,-176.51130589996413,7108.39990234375,Actual
2026-04-24,7059.908625722677,6889.826222682594,7224.392963079675,7233.863448891521,-173.95482316884377,7165.080078125,Actual
2026-04-27,7079.439305575076,6904.679744910147,7245.570807558541,7245.099493464074,-165.6601878889977,7173.91015625,Actual
2026-04-28,7086.0904153801375,6919.112309675091,7247.053048445137,7248.844841654924,-162.75442627478628,7138.7998046875,Actual
2026-04-29,7092.78319518519,6927.636210510138,7249.972422585195,7252.590189845775,-159.8069946605846,7135.9501953125,Actual
2026-04-30,7099.504296034233,6927.368817660395,7261.684455663293,7256.335538036626,-156.8312420023925,7209.009765625,Actual
2026-05-01,7106.243349978294,6942.1558983886525,7269.597615260396,7260.080886227476,-153.8375362491827,7230.1201171875,Actual
2026-05-04,7126.5098931442835,6960.306810172618,7299.2414815768025,7271.316930800028,-144.80703765574458,7200.75,Actual
2026-05-05,7133.276438587109,6962.769014081411,7296.10097143094,7275.062278990879,-141.78584040377018,7259.22021484375,Actual
2026-05-06,7140.051641588391,6966.108073993186,7305.2207033076165,7278.807627181729,-138.75598559333795,7365.1201171875,Actual
2026-05-07,7146.839900436334,6986.849887661431,7305.534470690126,7282.5529753725805,-135.7130749362469,7337.10986328125,Actual
2026-05-08,7153.646461224274,6999.932860385712,7321.348628183027,7286.298323563431,-132.65186233915654,7398.93017578125,Actual
2026-05-11,7174.227033535561,7002.4426425130305,7334.004462804867,7297.534368135984,-123.30733460042322,7412.83984375,Actual
2026-05-12,7181.1526635574155,7024.531047909516,7339.9507426177215,7301.279716326833,-120.12705276941753,7400.9599609375,Actual
2026-05-13,7188.112069815984,7032.147404128332,7360.016313815846,7305.025064517685,-116.91299470170073,7444.25,Actual
2026-05-14,7195.101813171053,7028.2728122725275,7369.659870282374,7308.770412708535,-113.66859953748174,7501.240234375,Actual
2026-05-15,7202.115141210486,7036.98405381308,7361.483257949107,7312.515760899386,-110.4006196888993,7408.5,Actual
2026-05-18,7223.174877014572,7056.117492861414,7387.308825712067,7323.751805471938,-100.57692845736503,7403.0498046875,Actual
2026-05-19,7230.142582649565,7064.770807088896,7397.293488308793,7327.497153662789,-97.3545710132236,7353.60986328125,Actual
2026-05-20,7237.046354706151,7080.014758253447,7406.057964067607,7331.242501853639,-94.19614714748829,7432.97021484375,Actual
2026-05-21,7243.859271830677,7091.601670995096,7409.9408856847995,7334.98785004449,-91.12857821381277,7445.72021484375,Actual
2026-05-22,7250.552431421662,7084.034276265126,7426.068087429215,7338.733198235341,-88.18076681367931,7473.47021484375,Actual
2026-05-26,7275.525937994807,7116.585153501884,7432.845193981077,7353.714590998743,-78.18865300393644,7519.1201171875,Actual
2026-05-27,7281.176468972042,7120.811145041034,7450.979473015574,7357.4599391895945,-76.28347021755278,7520.35986328125,Actual
2026-05-28,7286.541207704638,7129.429353366321,7439.245681100202,7361.205287380444,-74.66407967580636,7563.6298828125,Actual
2026-05-29,7291.6029257002465,7137.276694974086,7456.306771946892,7364.950635571296,-73.34770987104896,7580.06005859375,Actual
2026-05-30,7296.349942445425,7144.636399302815,7459.761043827378,7368.695983762146,-72.34604131672143,,Forecast
2026-05-31,7300.776916746774,7150.873095346297,7465.753042575069,7372.441331952998,-71.66441520622337,,Forecast
2026-06-01,7304.8855016405005,7141.106188982968,7473.14394676227,7376.186680143848,-71.3011785033476,,Forecast
2026-06-02,7308.684837235723,7141.813488268924,7474.959966310366,7379.932028334699,-71.24719109897643,,Forecast
2026-06-03,7312.191859984091,7131.8427102136475,7465.534566220219,7383.677376525548,-71.4855165414578,,Forecast
2026-06-04,7315.431411727229,7158.962002078472,7496.299780508231,7387.422724716401,-71.99131298917156,,Forecast
2026-06-05,7318.43613732957,7150.917595799809,7486.526083520317,7391.1680729072505,-72.73193557768046,,Forecast
2026-06-06,7321.24616560243,7160.226636269757,7483.455019974874,7394.913421098101,-73.66725549567111,,Forecast
2026-06-07,7323.90857439642,7166.138159904742,7495.795739755803,7398.658769288952,-74.75019489253232,,Forecast
2026-06-08,7326.476647005405,7172.577891648398,7477.067275040474,7402.404117479803,-75.92747047439808,,Forecast
2026-06-09,7329.008933201638,7167.580352640526,7494.930602997019,7406.149465670654,-77.14053246901608,,Forecast
2026-06-10,7331.568134127132,7158.26292915072,7483.966497055751,7409.894813861504,-78.32667973437195,,Forecast
2026-06-11,7334.2198357234965,7165.92292579752,7498.695801409927,7413.640162052354,-79.42032632885756,,Forecast
2026-06-12,7337.031120227552,7175.581413886726,7501.243943834645,7417.385510243206,-80.35439001565503,,Forecast
2026-06-13,7340.069089343557,7174.556148047133,7512.992671214541,7421.130858434056,-81.06176909049886,,Forecast
2026-06-14,7343.399335899185,7184.118386249591,7518.111152831721,7424.876206624906,-81.4768707257217,,Forecast
2026-06-15,7347.084402996071,7182.297506421714,7513.465361168059,7428.621554815757,-81.53715181968613,,Forecast
2026-06-16,7351.182270805205,7181.718470988702,7518.60039909944,7432.3669030066085,-81.18463220140349,,Forecast
2026-06-17,7355.744911184813,7190.0865074059575,7535.18978246669,7436.112251197459,-80.3673400126459,,Forecast
2026-06-18,7360.816949203391,7206.126816044591,7530.129862315873,7439.85759938831,-79.04065018491796,,Forecast
2026-06-19,7366.434468450489,7217.820261275989,7519.249670041008,7443.602947579159,-77.16847912867041,,Forecast
2026-06-20,7372.623993765617,7213.919654318642,7536.927449231382,7447.348295770012,-74.72430200439415,,Forecast
2026-06-21,7379.4016807912785,7214.974049870977,7549.192696950745,7451.093643960862,-71.6919631695841,,Forecast
2026-06-22,7386.772736671241,7219.349568353732,7553.9360647415815,7454.838992151712,-68.06625548047086,,Forecast
2026-06-23,7394.731090404247,7230.310207680193,7562.034712490339,7458.584340342562,-63.85324993831586,,Forecast
2026-06-24,7403.259324983282,7232.58478948831,7565.962919017054,7462.329688533414,-59.07036355013208,,Forecast
2026-06-25,7412.328876676181,7248.272388072502,7587.305745884677,7466.0750367242645,-53.746160048083965,,Forecast
2026-06-26,7421.900499819332,7255.672846012629,7590.753862396071,7469.820384915115,-47.919885095782405,,Forecast
2026-06-27,7431.924988497981,7255.227304891444,7590.020974312901,7473.565733105965,-41.64074460798388,,Forecast
2026-06-28,7442.344139665918,7276.2505743225865,7613.510718757506,7477.311081296817,-34.96694163089885,,Forecast
2026-06-29,7453.091935806205,7286.770173690441,7624.380713263101,7481.056429487668,-27.964493681463395,,Forecast
2026-06-30,7464.095919334116,7301.351072715839,7637.477270538143,7484.801777678517,-20.70585834440163,,Forecast
2026-07-01,7475.278725757107,7313.247154772726,7666.368716749611,7488.547125869368,-13.268400112261025,,Forecast
2026-07-02,7486.5597382834985,7318.269186343595,7642.566033443827,7492.292474060219,-5.732735776721229,,Forecast
2026-07-03,7497.856823232275,7334.133520228698,7667.794143889939,7496.03782225107,1.8190009812047059,,Forecast
2026-07-04,7509.088103336874,7338.373733586738,7680.649571902051,7499.78317044192,9.304932894953783,,Forecast
2026-07-05,7520.173724921376,7355.862890752285,7693.472044195614,7503.52851863277,16.645206288605987,,Forecast
2026-07-06,7531.037574989817,7366.323809459965,7701.6645445091435,7507.2738668236225,23.763708166194302,,Forecast
2026-07-07,7541.608905511925,7367.835948622733,7725.312906971164,7511.019215014473,30.589690497451944,,Forecast
2026-07-08,7551.823824573995,7384.803670933441,7727.345276721221,7514.764563205323,37.059261368672175,,Forecast
2026-07-09,7561.626617531366,7387.599184719669,7741.180375707017,7518.509911396173,43.11670613519288,,Forecast
2026-07-10,7570.970865752066,7410.228636900484,7742.769101070333,7522.255259587026,48.715606165040455,,Forecast
2026-07-11,7579.820335856291,7421.227202555845,7755.477157422065,7526.000607777875,53.819728078415714,,Forecast
2026-07-12,7588.149618389209,7415.377574270194,7772.6503565507755,7529.745955968726,58.403662420482476,,Forecast
2026-07-13,7595.944501446401,7427.138703409156,7768.016692121702,7533.4913041595755,62.453197286824995,,Forecast
2026-07-14,7603.202071722226,7426.818999416178,7780.502445267166,7537.236652350428,65.96541937179815,,Forecast
2026-07-15,7609.930542578663,7444.5008186388095,7794.093238401057,7540.9820005412785,68.94854203738467,,Forecast
2026-07-16,7616.148815840435,7449.847097456838,7790.732309525781,7544.727348732128,71.4214671083073,,Forecast
2026-07-17,7621.885790916489,7446.994637010335,7806.536757275223,7548.472696922979,73.41309399351074,,Forecast
2026-07-18,7627.17944133898,7449.268251381746,7816.920364983554,7552.218045113831,74.9613962251484,,Forecast
2026-07-19,7632.075684723019,7475.074861838674,7800.744403392839,7555.963393304681,76.11229141833797,,Forecast
2026-07-20,7636.627077323755,7469.785112256754,7818.31043264957,7559.708741495531,76.91833582822332,,Forecast
2026-07-21,7640.891368662457,7471.2066112636785,7820.851200563401,7563.454089686381,77.437278976076,,Forecast
2026-07-22,7644.929954998815,7475.158449165214,7832.131989178511,7567.199437877233,77.73051712158221,,Forecast
2026-07-23,7648.806272656192,7477.998131709698,7836.568669389616,7570.944786068084,77.86148658810845,,Forecast
2026-07-24,7652.58417330646,7477.321137001874,7829.122161762522,7574.690134258934,77.89403904752503,,Forecast
2026-07-25,7656.3263232689515,7483.920645041731,7846.322708718427,7578.435482449785,77.89084081916626,,Forecast
2026-07-26,7660.092667684846,7483.338000706334,7833.551507870349,7582.180830640636,77.91183704420999,,Forecast
2026-07-27,7663.938998135058,7496.534124717701,7845.359429385881,7585.926178831486,78.01281930357142,,Forecast
2026-07-28,7667.915658950854,7485.075318453,7852.010017015921,7589.671527022337,78.24413192851756,,Forecast
2026-07-29,7672.066423222548,7489.513918769684,7850.843503210956,7593.416875213187,78.6495480093612,,Forecast
2026-07-30,7676.427564470286,7508.8089287781395,7867.509455742122,7597.16222340404,79.26534106624634,,Forecast
2026-07-31,7681.027144250156,7502.484348202871,7870.334702285241,7600.907571594888,80.11957265526782,,Forecast
2026-08-01,7685.884529794945,7509.599554431394,7875.75370719792,7604.652919785739,81.23161000920551,,Forecast
2026-08-02,7691.010149309501,7509.353773056523,7878.819903759136,7608.3982679765895,82.6118813329108,,Forecast
2026-08-03,7696.405485942296,7504.04323334696,7888.644662117665,7612.143616167442,84.26186977485408,,Forecast
2026-08-04,7702.063304922942,7521.855594071676,7901.03482950791,7615.8889643582925,86.17434056464894,,Forecast
2026-08-05,7707.968102076022,7535.1141489358715,7903.538007124353,7619.634312549141,88.33378952688066,,Forecast
2026-08-06,7714.096756067463,7541.249741540802,7921.126141541543,7623.379660739992,90.71709532747063,,Forecast
2026-08-07,7720.419361473367,7515.754247511083,7897.371999151356,7627.125008930844,93.29435254252249,,Forecast
2026-08-08,7726.900215224911,7543.103967362723,7914.7755555815775,7630.870357121695,96.029858103217,,Forecast
2026-08-09,7733.498925296534,7554.52896247643,7926.10782903248,7634.615705312545,98.88321998398935,,Forecast
2026-08-10,7740.171607764184,7560.049910486813,7931.923320908092,7638.361053503396,101.81055426078781,,Forecast
2026-08-11,7746.872136630714,7555.549465666478,7937.911358280988,7642.106401694246,104.76573493646691,,Forecast
2026-08-12,7753.553410134617,7566.680432542011,7947.208471549628,7645.851749885097,107.70166024951966,,Forecast
2026-08-13,7760.168597631051,7571.805765057888,7955.752507497838,7649.5970980759475,110.57149955510326,,Forecast
2026-08-14,7766.672332536001,7578.069653250672,7957.911918935951,7653.342446266798,113.3298862692029,,Forecast
2026-08-15,7773.021819200738,7573.091606881078,7985.164656623119,7657.0877944576505,115.93402474308718,,Forecast
2026-08-16,7779.1778248518,7591.318991880358,7994.080538193102,7660.833142648499,118.34468220330078,,Forecast
2026-08-17,7785.105531784318,7584.682751314833,7993.228293893531,7664.57849083935,120.52704094496887,,Forecast
2026-08-18,7790.7752297029365,7601.473304505511,7997.727992342816,7668.3238390302,122.45139067273641,,Forecast
2026-08-19,7796.1628333185145,7601.604750928133,7992.627998902995,7672.069187221053,124.09364609746163,,Forecast
2026-08-20,7801.250215868405,7607.94631250116,8015.714609779558,7675.814535411903,125.43568045650164,,Forecast
2026-08-21,7806.0253549644785,7624.132360354885,8021.643812930114,7679.559883602754,126.4654713617244,,Forecast
2026-08-22,7810.482292912394,7616.711045396275,8022.114978908095,7683.305231793603,127.17706111879133,,Forecast
2026-08-23,7814.620919218265,7617.862727857026,8018.271782734392,7687.050579984455,127.57033923381,,Forecast
2026-08-24,7818.446588238046,7621.633186164922,8022.899016857904,7690.795928175306,127.65066006274046,,Forecast
2026-08-25,7821.969589680048,7633.874807848573,8029.473760844297,7694.541276366156,127.42831331389108,,Forecast
2026-08-26,7825.204493803136,7615.521298173424,8031.789385332467,7698.286624557007,126.91786924612936,,Forecast
2026-08-27,7828.169396547,7638.159422873212,8033.73345234788,7702.031972747857,126.13742379914353,,Forecast
2026-08-28,7830.885092391412,7623.449089919645,8037.24909315599,7705.777320938708,125.10777145270484,,Forecast
2026-08-29,7833.374204402564,7641.855989580156,8038.590978564627,7709.522669129558,123.851535273006,,Forecast
2026-08-30,7835.660301644752,7634.43504927342,8058.713742039709,7713.268017320409,122.39228432434302,,Forecast
2026-08-31,7837.767033905628,7624.869584103762,8053.518196283378,7717.013365511261,120.75366839436668,,Forecast
2026-09-01,7839.717312519035,7630.287404258117,8049.442337467903,7720.75871370211,118.95859881692503,,Forecast
2026-09-02,7841.532564018847,7625.290691975705,8066.111970099893,7724.504061892961,117.02850212588595,,Forecast
2026-09-03,7843.232080490697,7639.0790088122685,8075.224905182949,7728.249410083811,114.98267040688543,,Forecast
2026-09-04,7844.832486905224,7630.551801687803,8076.722854970214,7731.994758274664,112.83772863056036,,Forecast
2026-09-05,7846.347341532009,7620.546652566636,8077.136821039695,7735.740106465514,110.60723506649421,,Forecast
2026-09-06,7847.786880884751,7623.200360488358,8063.50652259964,7739.485454656365,108.30142622838608,,Forecast
2026-09-07,7849.157915683076,7639.029984110741,8087.601650827249,7743.230802847213,105.92711283586195,,Forecast
2026-09-08,7850.463879192161,7639.801142209207,8089.2656347621005,7746.976151038066,103.48772815409501,,Forecast
2026-09-09,7851.705024179235,7630.944015735293,8084.353273729065,7750.721499228916,100.98352495031808,,Forecast
2026-09-10,7852.8787597652645,7628.721785796078,8074.9002289117725,7754.466847419767,98.41191234549753,,Forecast
2026-09-11,7853.980114805465,7640.186677610335,8097.326054263011,7758.2121956106175,95.76791919484697,,Forecast
2026-09-12,7855.002310246857,7639.669379453872,8083.707640647055,7761.957543801468,93.04476644538845,,Forecast
2026-09-13,7855.937419312597,7634.372878488722,8097.395447358679,7765.702891992319,90.23452732027813,,Forecast
2026-09-14,7856.777091462009,7621.335331156751,8098.1847531334815,7769.448240183169,87.32885127883942,,Forecast
2026-09-15,7857.513313959414,7635.630057791416,8108.954199630958,7773.19358837402,84.31972558539381,,Forecast
2026-09-16,7858.139183616187,7626.318744524373,8120.73076394507,7776.938936564872,81.20024705131571,,Forecast
2026-09-17,7858.649660887261,7624.17426036396,8096.762204399506,7780.684284755723,77.96537613153818,,Forecast
2026-09-18,7859.042279013058,7614.972278794138,8094.411546513426,7784.4296329465715,74.61264606648592,,Forecast
2026-09-19,7859.317782283216,7624.304219068462,8113.303569690599,7788.174981137422,71.14280114579384,,Forecast
2026-09-20,7859.480669713476,7621.502276167074,8122.406048483827,7791.920329328274,67.56034038520156,,Forecast
2026-09-21,7859.539623401258,7623.591268639302,8106.571551151773,7795.665677519125,63.87394588213246,,Forecast
2026-09-22,7859.507804464034,7616.986446597521,8130.625655078385,7799.411025709976,60.09677875405857,,Forecast
2026-09-23,7859.403003653767,7619.9428033023805,8116.3577555894435,7803.156373900824,56.24662975294242,,Forecast
2026-09-24,7859.2476383483545,7600.464833546625,8117.115033871788,7806.901722091677,52.34591625667789,,Forecast
2026-09-25,7859.06859250475,7616.224128951459,8128.8637706780355,7810.647070282527,48.42152222222258,,Forecast
2026-09-26,7858.896901163689,7614.887848281924,8126.577327568335,7814.392418473378,44.50448269031144,,Forecast
2026-09-27,7858.767286069722,7626.664997566614,8101.377233441221,7818.137766664228,40.62951940549334,,Forecast
2026-09-28,7858.71755375523,7593.792954295963,8116.086196882147,7821.883114855081,36.8344389001498,,Forecast
2026-09-29,7858.7878718871,7609.79044382849,8120.184186061061,7825.6284630459295,33.15940884116996,,Forecast
2026-09-30,7859.0199436488965,7601.383789750733,8120.948051951412,7829.37381123678,29.646132412116692,,Forecast
2026-10-01,7859.456103308562,7610.146804052076,8134.919425368912,7833.119159427631,26.336943880931415,,Forecast
2026-10-02,7860.138358795023,7610.5966284162105,8159.236332263792,7836.864507618483,23.2738511765404,,Forecast
2026-10-03,7861.107408993457,7600.754973134733,8149.60728737391,7840.609855809334,20.497553184124065,,Forecast
2026-10-04,7862.4016645097045,7602.34489108518,8160.869048396302,7844.355204000182,18.04646050952194,,Forecast
2026-10-05,7864.056300814585,7598.407535030849,8155.5270142512645,7848.100552191033,15.955748623551457,,Forecast
2026-10-06,7866.102371953584,7593.747692759947,8134.582607059705,7851.845900381885,14.256471571698745,,Forecast
2026-10-07,7868.566011416376,7593.971723509528,8161.605109674325,7855.591248572736,12.974762843639649,,Forecast
2026-10-08,7871.467744351205,7609.131974207339,8160.517101285916,7859.336596763586,12.13114758761847,,Forecast
2026-10-09,7874.821932153857,7621.213374096674,8156.951535257489,7863.081944954437,11.739987199420124,,Forecast
2026-10-10,7878.636366654592,7621.386385259522,8195.090391491234,7866.8272931452875,11.809073509304858,,Forecast
2026-10-11,7882.91202678405,7583.283253852771,8165.906961246181,7870.572641336138,12.33938544791164,,Forecast
2026-10-12,7887.64300585268,7594.21380566194,8204.173140507877,7874.317989526989,13.325016325691294,,Forecast
2026-10-13,7892.816612570823,7598.04412277564,8197.856306205837,7878.063337717839,14.753274852983816,,Forecast
2026-10-14,7898.4136438214255,7609.249983866978,8199.748945387228,7881.808685908692,16.604957912733475,,Forecast
2026-10-15,7904.408822128285,7598.9939857459,8207.357578913263,7885.55403409954,18.85478802874463,,Forecast
2026-10-16,7910.7713858958095,7625.150525222827,8213.860600517268,7889.299382290391,21.472003605418855,,Forecast
2026-10-17,7917.4658159775945,7635.283754320505,8256.10487182012,7893.0447304812415,24.421085496353037,,Forecast
2026-10-18,7924.4526781001905,7634.253408861232,8246.466423973714,7896.790078672094,27.662599428097046,,Forecast
2026-10-19,7931.689557246525,7640.660711212459,8248.962364475794,7900.535426862944,31.154130383579943,,Forecast
2026-10-20,7939.132057396496,7639.4890563236395,8288.704859375337,7904.280775053793,34.851282342703094,,Forecast
2026-10-21,7946.734838111899,7642.709215296218,8282.271419281127,7908.026123244644,38.70871486725567,,Forecast
2026-10-22,7954.452658398274,7660.914674198072,8280.23492959842,7911.771471435496,42.68118696277802,,Forecast
2026-10-23,7962.241398110424,7633.108663579121,8313.30730607234,7915.516819626347,46.72457848407668,,Forecast
2026-10-24,7970.0590278962745,7666.125458254225,8313.916266023893,7919.262167817197,50.7968600790773,,Forecast
2026-10-25,7977.866500274159,7641.495899747451,8299.567562646896,7923.007516008048,54.8589842661109,,Forecast
2026-10-26,7985.628536863841,7668.073067671068,8324.474114431781,7926.752864198898,58.87567266494224,,Forecast
2026-10-27,7993.31428996813,7664.6509577743445,8343.99240102576,7930.498212389749,62.81607757838061,,Forecast
2026-10-28,8000.897860533414,7670.980338536109,8356.276498201938,7934.2435605805995,66.6542999528142,,Forecast
2026-10-29,8008.358658888334,7665.213980212724,8345.057748383073,7937.98890877145,70.36975011688376,,Forecast
2026-10-30,8015.681599437544,7701.45555745843,8359.888450796101,7941.734256962302,73.94734247524161,,Forecast
2026-10-31,8022.8571255260995,7705.240662287306,8372.584979129262,7945.479605153151,77.37752037294811,,Forecast
2026-11-01,8029.881065837556,7685.988401833145,8374.960485751124,7949.224953344002,80.65611249355459,,Forecast
2026-11-02,8036.754328787747,7708.504801340949,8392.659896240144,7952.970301534852,83.78402725289507,,Forecast
2026-11-03,8043.4824462718725,7707.887179715443,8409.214858365953,7956.715649725705,86.76679654616743,,Forecast
2026-11-04,8050.074982665158,7691.347040546469,8401.49976760426,7960.460997916555,89.61398474860309,,Forecast
2026-11-05,8056.544829028634,7722.217401140017,8413.836159366823,7964.206346107406,92.33848292122846,,Forecast
2026-11-06,8062.907405908055,7700.316834372942,8434.238840484039,7967.951694298255,94.95571160980077,,Forecast
2026-11-07,8069.1798008294345,7735.88333533726,8448.285807788252,7971.697042489107,97.4827583403276,,Forecast
2026-11-08,8075.379868507082,7732.759490357733,8439.461370280314,7975.4423906799575,99.9374778271245,,Forecast
2026-11-09,8081.525322829543,7737.205055146832,8436.526002294371,7979.187738870808,102.33758395873534,,Forecast
2026-11-10,8087.632849843081,7736.169749869652,8493.264553869943,7982.933087061659,104.6997627814227,,Forecast
2026-11-11,8093.717270206531,7723.392835784261,8459.256676141315,7986.678435252509,107.03883495402161,,Forecast
2026-11-12,8099.790777966297,7709.510410846869,8509.503416033944,7990.42378344336,109.36699452293789,,Forecast
2026-11-13,8105.862280047061,7727.196113627716,8502.397233389926,7994.16913163421,111.69314841285069,,Forecast
2026-11-14,8111.936857644589,7747.777123855475,8514.227164205211,7997.914479825061,114.02237781952735,,Forecast
2026-11-15,8118.015366841837,7746.031167316668,8505.455515994001,8001.659828015913,116.35553882592339,,Forecast
2026-11-16,8124.094191364527,7751.451186473811,8554.126007992947,8005.405176206764,118.68901515776388,,Forecast
2026-11-17,8130.1651555842045,7741.51422938991,8519.648940651761,8009.150524397613,121.01463118659228,,Forecast
2026-11-18,8136.215600810411,7757.596984234998,8553.239088984123,8012.895872588463,123.31972822194773,,Forecast
2026-11-19,8142.228622748127,7744.710233368543,8559.29714493975,8016.6412207793155,125.58740196881139,,Forecast
2026-11-20,8148.183462887655,7749.053680120827,8545.147045637475,8020.386568970166,127.79689391748893,,Forecast
2026-11-21,8154.0560417024435,7746.865943399562,8582.107917725301,8024.131917161017,129.92412454142644,,Forecast
2026-11-22,8159.819617005372,7763.055151010516,8572.354990173266,8027.877265351865,131.94235165350645,,Forecast
2026-11-23,8165.445546798541,7753.430817173969,8573.029087774234,8031.622613542718,133.822933255823,,Forecast
2026-11-24,8170.90413256936,7752.760773597968,8576.947845542862,8035.367961733568,135.53617083579127,,Forecast
2026-11-25,8176.165516344967,7759.037728874666,8612.963266655906,8039.113309924419,137.05220642054763,,Forecast
2026-11-26,8181.200603000884,7771.480404974822,8598.578174941378,8042.8586581152695,138.34194488561505,,Forecast
2026-11-27,8185.9819783881585,7757.200684891785,8622.232569351405,8046.60400630612,139.37797208203824,,Forecast
2026-11-28,8190.484793827894,7758.218256557564,8639.017088645458,8050.349354496971,140.1354393309226,,Forecast
2026-11-29,8194.687588427778,7781.4083304324095,8651.272724135984,8054.094702687821,140.59288573995613,,Forecast
2026-11-30,8198.573022477536,7779.582969551425,8661.070600450543,8057.840050878672,140.73297159886388,,Forecast
2026-12-01,8202.128497827776,7756.452202721968,8668.155451266388,8061.585399069524,140.54309875825166,,Forecast
2026-12-02,8205.3466445715,7772.26560643303,8638.043590608779,8065.330747260375,140.01589731112557,,Forecast
2026-12-03,8208.225657427793,7750.561456524592,8681.94825688042,8069.076095451223,139.14956197656988,,Forecast
2026-12-04,8210.769469850396,7778.719003745583,8680.01796123474,8072.821443642074,137.9480262083228,,Forecast
2026-12-05,8212.987758908941,7762.696103643418,8690.824341522557,8076.566791832926,136.42096707601428,,Forecast
2026-12-06,8214.895779266286,7756.73456579219,8691.229385822438,8080.312140023777,134.5836392425092,,Forecast
2026-12-07,8216.514029937229,7767.6638785968335,8714.563235618421,8084.0574882146275,132.45654172260078,,Forecast
2026-12-08,8217.867762799004,7765.081056949521,8710.240444297715,8087.802836405476,130.06492639352723,,Forecast
2026-12-09,8218.98634686671,7764.926825373992,8695.51087576014,8091.548184596329,127.43816227038079,,Forecast
2026-12-10,8219.902506989703,7764.370779625854,8708.181555135185,8095.293532787179,124.60897420252333,,Forecast
2026-12-11,8220.651459722516,7742.387088156317,8679.62253287056,8099.03888097803,121.612578744487,,Forecast
2026-12-12,8221.269972543838,7761.937507750672,8729.986993985918,8102.78422916888,118.48574337495744,,Forecast
2026-12-13,8221.795375229172,7733.522819664996,8707.364593538008,8106.529577359733,115.26579786943893,,Forecast
2026-12-14,8222.264553940153,7754.813810193964,8734.245929011546,8110.274925550581,111.98962838957205,,Forecast
2026-12-15,8222.712959412838,7746.4331870602855,8719.24570319968,8114.020273741432,108.6926856714056,,Forecast
2026-12-16,8223.173660476472,7682.8843985961175,8734.047717114328,8117.765621932283,105.4080385441901,,Forecast
2026-12-17,8223.676473009418,7723.514197828407,8728.017028891329,8121.510970123135,102.16550288628245,,Forecast
2026-12-18,8224.247192364675,7727.130559274877,8732.951419633211,8125.2563183139855,98.99087405068958,,Forecast
2026-12-19,8224.906954329634,7735.879001720226,8749.887139713304,8129.001666504834,95.90528782479967,,Forecast
2026-12-20,8225.671745905438,7735.473729360089,8753.692241076487,8132.747014695685,92.92473120975274,,Forecast
2026-12-21,8226.552082708831,7719.361835955358,8725.792032495568,8136.492362886537,90.0597198222949,,Forecast
2026-12-22,8227.552864743831,7706.0690854268105,8774.757831053534,8140.237711077388,87.315153666443,,Forecast
2026-12-23,8228.67341681075,7701.924270727079,8789.123982901832,8143.983059268238,84.69035754251308,,Forecast
2026-12-24,8229.907714079887,7687.144894538187,8781.37284181093,8147.728407459089,82.17930662079897,,Forecast
2026-12-25,8231.244787528542,7692.506775946049,8795.620008258165,8151.473755649939,79.77103187860142,,Forecast
2026-12-26,8232.669298200526,7711.542011392136,8774.275273518031,8155.21910384079,77.45019435973668,,Forecast
2026-12-27,8234.162263772781,7712.356430072165,8804.961510901207,8158.964452031641,75.1978117411407,,Forecast
2026-12-28,8235.701915874264,7709.405765106292,8755.045993911197,8162.709800222491,72.99211565177322,,Forecast
2026-12-29,8237.264662156704,7693.491261344158,8783.152152521283,8166.4551484133435,70.80951374336044,,Forecast
2026-12-30,8238.826123406376,7702.024906637279,8794.449602371467,8170.200496604192,68.62562680218392,,Forecast
2026-12-31,8240.36221313445,7687.553461635446,8804.27169262193,8173.945844795043,66.4163683394066,,Forecast
2027-01-01,8241.850225185872,7704.234800281837,8812.772698923933,8177.691192985894,64.15903219997676,,Forecast
2027-01-02,8243.269894034573,7672.441839458977,8797.407545005552,8181.436541176746,61.83335285782709,,Forecast
2027-01-03,8244.604392624939,7677.120765881192,8835.690194170094,8185.181889367596,59.42250325734214,,Forecast
2027-01-04,8245.841233885167,7686.926249362615,8789.985098807934,8188.927237558446,56.91399632671999,,Forecast
2027-01-05,8246.973044353368,7665.129645294139,8830.744079495376,8192.672585749297,54.30045860407244,,Forecast
2027-01-06,8247.998181667814,7678.107254337227,8827.284858419236,8196.417933940149,51.58024772766479,,Forecast
2027-01-07,8248.921171892907,7643.026625121525,8827.71590910009,8200.163282131,48.757889761907975,,Forecast
2027-01-08,8249.75294767046,7660.158135886937,8851.855170761517,8203.90863032185,45.84431734861056,,Forecast
2027-01-09,8250.510873861893,7660.040542480375,8852.423385496339,8207.6539785127,42.85689534919235,,Forecast
2027-01-10,8251.21855352439,7655.894988611309,8845.170546044175,8211.399326703551,39.81922682083884,,Forecast
2027-01-11,8251.905413565828,7689.75803881786,8865.280189454872,8215.144674894402,36.76073867142708,,Forecast
2027-01-12,8252.60607606267,7677.22912592444,8873.059826268782,8218.890023085252,33.71605297741744,,Forecast
2027-01-13,8253.359527809083,7677.579295462207,8884.377021334849,8222.635371276103,30.724156532980807,,Forecast
2027-01-14,8254.20810700017,7646.226936509125,8884.222262556383,8226.380719466955,27.82738753321383,,Forecast
2027-01-15,8255.196331848216,7641.26197871855,8878.756597905003,8230.126067657804,25.07026419041245,,Forecast
2027-01-16,8256.369601210237,7628.675978979273,8871.769145525883,8233.871415848655,22.49818536158255,,Forecast
2027-01-17,8257.772801805351,7653.471444950497,8915.89285756221,8237.616764039505,20.1560377658466,,Forecast
2027-01-18,8259.448860180153,7656.530483354018,8896.462078511577,8241.362112230358,18.08674794979616,,Forecast
2027-01-19,8261.437280121643,7627.035508103365,8920.932982095761,8245.107460421208,16.329819700435614,,Forecast
2027-01-20,8263.772707633841,7625.455310700641,8892.68317029432,8248.852808612059,14.919899021782737,,Forecast
2027-01-21,8266.483565828097,7648.347385603466,8921.2726528747,8252.598156802907,13.885409025190427,,Forecast
2027-01-22,8269.590801105718,7648.3542980824,8928.725848785141,8256.34350499376,13.247296111958212,,Forecast
2027-01-23,8273.106779845515,7651.036377578527,8946.133389966146,8260.08885318461,13.01792666090466,,Forecast
2027-01-24,8277.034371494225,7647.288837912146,8900.057395469374,8263.83420137546,13.200170118764223,,Forecast
2027-01-25,8281.366249572213,7653.271701544362,8949.079154582743,8267.579549566311,13.786700005900482,,Forecast
2027-01-26,8286.084436761084,7616.068706438253,8951.226998281682,8271.324897757162,14.75953900392178,,Forecast
2027-01-27,8291.16011407197,7652.340877006745,8950.722994886612,8275.070245948013,16.089868123957856,,Forecast
2027-01-28,8296.553707266003,7631.316736576087,8970.535127732936,8278.815594138863,17.738113127139844,,Forecast
2027-01-29,8302.215256395688,7635.436831077627,8978.828031631554,8282.560942329714,19.654314065973338,,Forecast
2027-01-30,8308.085066755819,7656.102230207104,8959.162107376691,8286.306290520566,21.778776235251986,,Forecast
2027-01-31,8314.094631882801,7649.582234504748,9036.317670467512,8290.051638711417,24.042993171384907,,Forecast
2027-02-01,8320.167811734958,7669.123595907608,9033.119558059907,8293.796986902265,26.370824832693565,,Forecast
2027-02-02,8326.222242031725,7668.905222115493,9039.104898566751,8297.542335093116,28.679906938609143,,Forecast
2027-02-03,8332.170944130205,7658.509720886804,9041.148758099422,8301.287683283968,30.883260846237004,,Forecast
2027-02-04,8337.924098959018,7687.593204443115,9060.90304421029,8305.033031474819,32.89106748419852,,Forecast
2027-02-05,8343.390943582634,7657.776246656363,9045.904824667854,8308.77837966567,34.612563916963275,,Forecast
2027-02-06,8348.481745076699,7653.211679486715,9039.860215862836,8312.523727856518,35.95801722018021,,Forecast
2027-02-07,8353.109803674723,7644.692077734331,9046.545867438146,8316.26907604737,36.840727627352365,,Forecast
2027-02-08,8357.193435680894,7660.492255533458,9065.44289320919,8320.014424238221,37.179011442673904,,Forecast
2027-02-09,8360.65788648573,7655.692484436147,9059.89279929024,8323.759772429072,36.898114056656595,,Forecast
2027-02-10,8363.437125182556,7661.7239925151725,9120.731626939572,8327.505120619922,35.93200456263447,,Forecast
2027-02-11,8365.47547474343,7630.353506832841,9065.57790936224,8331.250468810773,34.22500593265882,,Forecast
2027-02-12,8366.729035414086,7692.831107838545,9088.721379151953,8334.995817001623,31.73321841246329,,Forecast
2027-02-13,8367.166863836677,7673.684835055036,9104.531860637235,8338.741165192474,28.425698644202896,,Forecast
2027-02-14,8366.771876282777,7645.702464951669,9118.584844532586,8342.486513383325,24.285362899453293,,Forecast
2027-02-15,8365.541451122435,7663.473816328014,9121.339702090747,8346.231861574177,19.309589548258913,,Forecast
2027-02-16,8363.487713093238,7640.9790814095595,9159.283569246834,8349.977209765028,13.510503328210515,,Forecast
2027-02-17,8360.637489866738,7651.540543501018,9109.165102747284,8353.722557955876,6.914931910862049,,Forecast
2027-02-18,8357.031939627563,7606.714136319598,9108.388516642435,8357.467906146727,-0.43596651916501594,,Forecast
2027-02-19,8352.725856665247,7625.827638767944,9099.090394343135,8361.21325433758,-8.487397672332392,,Forecast
2027-02-20,8347.78667010555,7590.116516987876,9120.798049384588,8364.95860252843,-17.171932422879102,,Forecast
2027-02-21,8342.293158659659,7625.259324737801,9086.256286992546,8368.70395071928,-26.41079205962223,,Forecast
2027-02-22,8336.333911441485,7572.644638979815,9112.744360036942,8372.449298910129,-36.11538746864363,,Forecast
2027-02-23,8330.005571296892,7567.644216950324,9101.619814266734,8376.194647100981,-46.18907580408909,,Forecast
2027-02-24,8323.410902537575,7557.79017943491,9116.456312527322,8379.939995291832,-56.529092754257604,,Forecast
2027-02-25,8316.656729331404,7523.609675935792,9087.770011346021,8383.685343482683,-67.02861415127926,,Forecast
2027-02-26,8309.851794150716,7544.1220995264175,9102.709952861978,8387.430691673533,-77.57889752281628,,Forecast
2027-02-27,8303.104587540629,7505.292350306287,9087.632867730737,8391.176039864386,-88.07145232375582,,Forecast
2027-02-28,8296.521200996955,7469.880514191195,9113.335892901881,8394.921388055234,-98.40018705827963,,Forecast
2027-03-01,8290.203253917696,7499.9578116702505,9079.339662304485,8398.666736246085,-108.46348232838788,,Forecast
2027-03-02,8284.245943451348,7539.6717574568975,9084.113930146692,8402.412084436935,-118.16614098558823,,Forecast
2027-03-03,8278.736262661634,7486.505257930468,9119.19364100008,8406.157432627788,-127.42116996615364,,Forecast
2027-03-04,8273.75142786298,7449.403915079356,9113.129878121854,8409.902780818638,-136.15135295565702,,Forecast
2027-03-05,8269.357550382885,7477.666033498271,9099.889495581325,8413.648129009487,-144.29057862660173,,Forecast
2027-03-06,8265.608581525954,7427.141346811821,9080.363457264106,8417.393477200338,-151.7848956743846,,Forecast
2027-03-07,8262.545552335672,7455.461130172699,9083.319001605927,8421.13882539119,-158.5932730555185,,Forecast
2027-03-08,8260.19612206596,7469.045749465992,9080.112801808265,8424.88417358204,-164.68805151608035,,Forecast
2027-03-09,8258.574441297638,7439.498754383721,9126.667215473773,8428.629521772891,-170.05508047525248,,Forecast
2027-03-10,8257.68132757965,7431.995304730285,9112.157313214919,8432.374869963742,-174.69354238409088,,Forecast
2027-03-11,8257.504743562738,7443.032043985743,9093.073044821513,8436.120218154592,-178.61547459185354,,Forecast
2027-03-12,8258.020560030673,7436.384636317175,9079.924836386386,8439.865566345443,-181.84500631477044,,Forecast
2027-03-13,8259.193579227,7430.095992089126,9107.112279504649,8443.610914536293,-184.41733530929315,,Forecast
2027-03-14,8260.978787606035,7414.01726257671,9114.586448308275,8447.356262727144,-186.3774751211097,,Forecast
2027-03-15,8263.322801767172,7431.965605238805,9114.044359601532,8451.101610917996,-187.7788091508242,,Forecast
2027-03-16,8266.165466998562,7482.886857239286,9161.367600188652,8454.846959108845,-188.68149211028287,,Forecast
2027-03-17,8269.441564667222,7431.526349631484,9145.500568799518,8458.592307299696,-189.1507426324735,,Forecast
2027-03-18,8273.082582719073,7381.181742196862,9107.994615625541,8462.337655490546,-189.255072771473,,Forecast
2027-03-19,8277.018502835774,7401.41062755628,9127.50794168566,8466.083003681399,-189.06450084562402,,Forecast
2027-03-20,8281.179558338135,7382.953010085022,9177.837250050847,8469.82835187225,-188.6487935341138,,Forecast
2027-03-21,8285.497918698362,7433.279648364208,9153.918109129758,8473.573700063098,-188.07578136473677,,Forecast
2027-03-22,8289.909259457629,7430.839330788935,9185.698910461817,8477.319048253948,-187.40978879632033,,Forecast
2027-03-23,8294.354180348579,7390.685287103133,9203.403754246789,8481.0643964448,-186.71021609622142,,Forecast
2027-03-24,8298.77943936338,7414.316344037405,9251.770246243466,8484.809744635651,-186.03030527227287,,Forecast
2027-03-25,8303.13897624013,7399.825132743901,9191.040377632722,8488.555092826502,-185.41611658637242,,Forecast
2027-03-26,8307.394705188814,7405.903382026174,9207.689779014898,8492.300441017353,-184.9057358285389,,Forecast
2027-03-27,8311.517063458283,7387.472372206521,9186.094925722946,8496.045789208203,-184.5287257499196,,Forecast
2027-03-28,8315.48530935806,7406.299013969111,9234.181725137512,8499.791137399054,-184.30582804099288,,Forecast
2027-03-29,8319.287570394892,7439.130174453505,9271.023456646302,8503.536485589904,-184.24891519501287,,Forecast
2027-03-30,8322.920649061016,7414.977635395164,9227.056236579943,8507.281833780755,-184.36118471973865,,Forecast
2027-03-31,8326.389600329318,7414.056036212835,9250.47023789657,8511.027181971607,-184.63758164228997,,Forecast
2027-04-01,8329.707100888305,7416.18326011164,9250.57190260554,8514.772530162456,-185.06542927415106,,Forecast
2027-04-02,8332.892635426539,7396.669309433762,9280.735662726185,8518.517878353307,-185.62524292676844,,Forecast
2027-04-03,8335.971529711434,7400.888323056833,9267.958796181727,8522.263226544157,-186.2916968327222,,Forecast
2027-04-04,8338.973863688518,7379.24016241534,9295.203835447746,8526.00857473501,-187.03471104649117,,Forecast
2027-04-05,8341.933300269431,7406.961150590472,9274.463323016338,8529.75392292586,-187.8206226564295,,Forecast
2027-04-06,8344.885866828303,7370.091828095426,9289.248726713122,8533.49927111671,-188.61340428840688,,Forecast
2027-04-07,8347.868726665238,7365.001435737701,9300.979086653762,8537.24461930756,-189.3758926423208,,Forecast
2027-04-08,8350.918976836318,7392.72789065261,9294.848401385572,8540.989967498412,-190.07099066209472,,Forecast
2027-04-09,8354.072506835602,7350.600338895019,9329.597792397253,8544.735315689262,-190.66280885365958,,Forecast
2027-04-10,8357.362949721968,7364.8447557107775,9314.407004614439,8548.480663880113,-191.11771415814408,,Forecast
2027-04-11,8360.820753515127,7365.519927607713,9333.8443438516,8552.226012070963,-191.40525855583664,,Forecast
2027-04-12,8364.472396169025,7344.683077444353,9345.933284899687,8555.971360261814,-191.49896409278867,,Forecast
2027-04-13,8368.339762315347,7379.8236709258545,9348.290578147953,8559.716708452665,-191.37694613731765,,Forecast
2027-04-14,8372.439694419694,7371.864431134725,9343.975583162513,8563.462056643515,-191.02236222382027,,Forecast
2027-04-15,8376.783725183539,7355.375227301936,9366.400564336498,8567.207404834366,-190.4236796508263,,Forecast
2027-04-16,8381.377992137606,7382.761114585134,9413.258804821611,8570.952753025218,-189.57476088761194,,Forecast
2027-04-17,8386.223329587549,7370.084633741291,9414.793413263196,8574.698101216069,-188.47477162851953,,Forecast
2027-04-18,8391.315527567427,7368.346033230303,9380.204176847266,8578.443449406917,-187.1279218394902,,Forecast
2027-04-19,8396.645742395218,7387.4782837609755,9395.686246843487,8582.188797597768,-185.54305520255022,,Forecast
2027-04-20,8402.201038957248,7383.275609069768,9414.091910841305,8585.93414578862,-183.73310683137314,,Forecast
2027-04-21,8407.965041106185,7386.4742167619725,9431.278839150682,8589.67949397947,-181.71445287328544,,Forecast
2027-04-22,8413.918663644876,7401.720134458242,9407.730958914239,8593.424842170321,-179.5061785254461,,Forecast
2027-04-23,8420.040897367013,7388.804538859131,9436.0430576931,8597.17019036117,-177.12929299415686,,Forecast
2027-04-24,8426.309617585952,7378.809521268286,9476.98341193442,8600.915538552023,-174.60592096607016,,Forecast
2027-04-25,8432.702386524765,7400.129319832532,9495.515713786013,8604.660886742873,-171.95850021810807,,Forecast
2027-04-26,8439.197220855493,7399.2495400563985,9490.667393073316,8608.406234933724,-169.20901407823135,,Forecast
2027-04-27,8445.773297522057,7354.948809966328,9503.147905893236,8612.151583124574,-166.37828560251745,,Forecast
2027-04-28,8452.411573690679,7328.131900098729,9507.274307242269,8615.896931315425,-163.4853576247469,,Forecast
2027-04-29,8459.09530015009,7371.566339688166,9498.461150988847,8619.642279506275,-160.54697935618654,,Forecast
2027-04-30,8465.81041161027,7400.326533950913,9521.784009720865,8623.387627697126,-157.57721608685722,,Forecast
2027-05-01,8472.545781987003,7359.946668369407,9547.50294897089,8627.132975887976,-154.5871939009742,,Forecast
2027-05-02,8479.293337754543,7377.849664757761,9558.886272562837,8630.878324078829,-151.58498632428575,,Forecast
2027-05-03,8486.048027638419,7409.042785415311,9510.639053187586,8634.62367226968,-148.57564463125993,,Forecast
2027-05-04,8492.807652132404,7423.287070747715,9594.677629132273,8638.369020460528,-145.56136832812476,,Forecast
2027-05-05,8499.57256139212,7426.622927500226,9565.30150212403,8642.114368651379,-142.5418072592575,,Forecast
2027-05-06,8506.345234814658,7408.946459675248,9603.895839843874,8645.859716842231,-139.51448202757237,,Forecast
2027-05-07,8513.129759907624,7400.0134869274625,9583.92258616429,8649.605065033082,-136.4753051254566,,Forecast
2027-05-08,8519.931231740567,7400.9894198898055,9593.360178072495,8653.350413223932,-133.41918148336418,,Forecast
2027-05-09,8526.755097239415,7391.414696740954,9659.125008707975,8657.095761414781,-130.3406641753667,,Forecast
2027-05-10,8533.606470729419,7409.89883751212,9662.896957650832,8660.841109605633,-127.2346388762149,,Forecast
2027-05-11,8540.489448388209,7476.246354738069,9610.405625766354,8664.586457796484,-124.09700940827486,,Forecast
2027-05-12,8547.406449588587,7401.94496300571,9637.959493342087,8668.331805987335,-120.92535639874824,,Forecast
2027-05-13,8554.357612483414,7408.774579154154,9611.456766224306,8672.077154178185,-117.71954169477102,,Forecast
2027-05-14,8561.340269622997,7400.357127676367,9693.992597189326,8675.822502369037,-114.4822327460413,,Forecast
2027-05-15,8568.348526948903,7401.32382141351,9673.210762763632,8679.567850559886,-111.21932361098327,,Forecast
2027-05-16,8575.372966247529,7439.630385507329,9729.368629732411,8683.313198750737,-107.94023250320849,,Forecast
2027-05-17,8582.400487174937,7405.625839980044,9719.378007758345,8687.058546941587,-104.65805976665068,,Forecast
2027-05-18,8589.41430039995,7396.3323109658695,9704.629249555488,8690.80389513244,-101.3895947324891,,Forecast
2027-05-19,8596.394078401645,7425.15623823682,9731.461100736416,8694.54924332329,-98.15516492164485,,Forecast
2027-05-20,8603.316265151978,7409.785768075198,9784.981858933856,8698.294591514139,-94.97832636216084,,Forecast
2027-05-21,8610.15454048448,7448.969936617012,9749.431875500575,8702.03993970499,-91.88539922050882,,Forecast
2027-05-22,8616.880429564846,7439.942981094424,9761.41980437104,8705.785287895842,-88.90485833099612,,Forecast
2027-05-23,8623.464042712196,7376.222507287798,9793.71590322411,8709.530636086693,-86.06659337449638,,Forecast
2027-05-24,8629.874926033921,7404.44222760285,9779.409307299784,8713.275984277543,-83.40105824362217,,Forecast
2027-05-25,8636.082999090992,7426.792536121287,9832.039675315189,8717.021332468394,-80.9383333774015,,Forecast
2027-05-26,8642.059552240873,7430.848284752299,9823.165210747675,8720.766680659244,-78.70712841837195,,Forecast
2027-05-27,8647.778273534383,7392.835792709851,9825.572742867596,8724.512028850095,-76.73375531571192,,Forecast
2027-05-28,8653.216273166563,7416.103488008486,9864.535766564497,8728.257377040945,-75.04110387438246,,Forecast
2027-05-29,8658.355072569735,7379.020851101356,9800.086227015214,8732.002725231796,-73.64765266206042,,Forecast
